date,open,high,low,close,volume,dividend_factor
2021-10-08,133.800000,134.700000,130.600000,132.095996,2893060,0.950468
2021-10-11,132.000000,132.980005,128.609998,130.138000,4412625,0.950468
2021-10-12,128.602002,134.000000,127.400000,130.362000,6190870,0.950468
2021-10-13,130.200000,131.800000,127.709998,128.276001,822645,0.950468
2021-10-14,129.373999,136.000000,127.004004,134.768005,4590505,0.950468
2021-10-15,132.419995,137.000000,132.419995,136.457996,1763495,0.950468
2021-10-18,134.959998,137.400000,134.000000,136.002002,1010355,0.950468
2021-10-20,136.400000,141.950000,136.400000,140.278003,1718870,0.950468
2021-10-21,141.597998,143.997998,140.000000,141.357996,1537345,0.950468
2021-10-22,141.800000,149.000000,141.200000,141.764001,3664725,0.950468
2021-10-25,141.800000,142.390002,139.306006,141.764001,956520,0.950468
2021-10-26,139.997998,140.000000,139.000000,139.600000,1204180,0.950468
2021-10-27,141.197998,144.976001,141.000000,142.993994,1485310,0.950468
2021-10-28,144.000000,147.600000,144.000000,146.864001,3751585,0.950468
2021-10-29,147.800000,155.980005,146.000000,154.556006,4143480,0.950468
2021-11-01,161.997998,163.688000,157.400000,158.062000,4959480,0.950468
2021-11-02,160.600000,162.159998,155.321997,156.019995,1839580,0.950468
2021-11-03,155.000000,156.800000,153.226001,153.804004,2382515,0.950468
2021-11-04,152.700000,154.600000,151.400000,152.014001,3173350,0.950468
2021-11-05,152.000000,156.800000,151.200000,152.826001,2040720,0.950468
2021-11-08,154.797998,155.250000,152.400000,154.543994,2957970,0.950468
2021-11-09,153.600000,155.000000,149.600000,153.633997,5722975,0.950468
2021-11-10,154.200000,154.968005,151.600000,152.709998,2059790,0.950468
2021-11-11,153.397998,153.797998,150.600000,151.343994,640940,0.950468
2021-11-12,153.197998,153.197998,147.300000,148.092004,1103995,0.950468
2021-11-15,149.797998,149.797998,145.221997,146.273999,1031950,0.950468
2021-11-16,147.959998,153.992004,146.600000,152.293994,2300195,0.950468
2021-11-17,153.000000,153.000000,146.202002,147.478003,1842275,0.950468
2021-11-18,148.000000,152.000000,146.400000,150.828003,3495750,0.950468
2021-11-19,152.400000,154.600000,149.802002,153.664001,2459760,0.950468
2021-11-22,154.342004,154.400000,146.000000,146.652002,3855905,0.950468
2021-11-23,147.000000,147.900000,142.400000,143.938000,2535270,0.950468
2021-11-24,145.597998,145.597998,138.000000,138.392004,4565830,0.950468
2021-11-25,139.800000,139.800000,133.630005,136.219995,4632785,0.950468
2021-11-26,136.200000,141.800000,134.200000,138.662000,4766960,0.950468
2021-11-29,139.200000,147.000000,138.319995,145.154004,3917185,0.950468
2021-11-30,145.600000,148.890002,140.819995,142.609998,41612060,0.950468
2021-12-01,145.019995,147.150000,142.619995,145.850000,11142135,0.950468
2021-12-02,143.000000,143.000000,134.912000,134.912000,14940330,0.950468
2021-12-03,130.800000,135.000000,126.800000,129.588000,7581205,0.950468
2021-12-06,130.950000,131.600000,128.200000,130.309998,1431795,0.950468
2021-12-07,130.400000,134.154004,130.300000,132.718005,2014345,0.950468
2021-12-08,132.600000,133.200000,129.800000,130.062000,2298935,0.950468
2021-12-09,131.000000,131.000000,124.402002,126.185999,3579250,0.950468
2021-12-10,126.400000,127.538000,121.709998,126.830005,3925805,0.950468
2021-12-13,127.997998,129.600000,124.800000,126.318005,2612190,0.950468
2021-12-14,127.600000,129.602002,125.330005,128.081995,3433095,0.950468
2021-12-15,134.400000,137.688000,133.000000,137.169995,6899000,0.950468
2021-12-16,136.600000,136.600000,132.200000,132.912000,3746470,0.950468
2021-12-17,132.600000,137.300000,130.800000,134.916003,5113835,0.950468
2021-12-20,134.916003,140.200000,133.202002,138.747998,3390410,0.950468
2021-12-21,138.800000,140.980005,137.200000,138.218005,2023505,0.950468
2021-12-22,138.800000,139.400000,135.700000,136.895996,1176275,0.950468
2021-12-23,137.200000,138.997998,136.052002,136.731995,1455035,0.950468
2021-12-24,137.200000,137.380005,135.200000,135.669995,672805,0.950468
2021-12-27,135.619995,135.980005,134.523999,135.304004,552850,0.950468
2021-12-28,135.050000,136.800000,135.012000,135.673999,1363910,0.950468
2021-12-29,135.250000,136.800000,134.857996,136.169995,1234330,0.950468
2021-12-30,137.197998,139.200000,134.230005,135.656006,4064450,0.950468
2021-12-31,134.400000,137.990002,134.400000,135.856006,1805405,0.950468
2022-01-03,136.000000,138.100000,135.997998,137.818005,785400,0.950468
2022-01-04,137.800000,140.600000,137.200000,140.254004,2450465,0.950468
2022-01-05,139.800000,139.800000,138.319995,138.757996,990780,0.950468
2022-01-06,138.359998,139.797998,137.000000,137.656006,3860685,0.950468
2022-01-07,138.000000,139.200000,135.404004,137.718005,1027610,0.950468
2022-01-10,137.009998,139.600000,137.009998,139.330005,882110,0.950468
2022-01-11,139.600000,140.397998,137.600000,138.006006,1133735,0.950468
2022-01-12,138.400000,139.200000,136.800000,137.052002,1232495,0.950468
2022-01-13,136.600000,138.993994,135.900000,135.988000,635530,0.950468
2022-01-14,136.000000,136.995996,134.900000,134.983997,293580,0.950468
2022-01-17,134.000000,136.980005,133.400000,136.531995,219890,0.950468
2022-01-18,135.602002,137.978003,134.509998,134.918005,734210,0.950468
2022-01-19,136.400000,136.400000,131.000000,132.031995,840685,0.950468
2022-01-20,133.000000,134.797998,129.359998,132.852002,2374265,0.950468
2022-01-21,131.600000,134.800000,131.600000,133.540002,456305,0.950468
2022-01-24,134.969995,134.969995,132.219995,133.043994,319105,0.950468
2022-01-25,134.200000,137.600000,134.000000,136.985999,1599855,0.950468
2022-01-26,137.950000,139.000000,135.300000,137.873999,811620,0.950468
2022-01-27,137.800000,139.600000,137.400000,139.038000,1520880,0.950468
2022-01-28,139.000000,139.778003,134.221997,136.157996,1424010,0.950468
2022-01-31,137.000000,138.000000,136.200000,136.623999,648285,0.950468
2022-02-01,135.300000,138.600000,135.300000,136.876001,825185,0.950468
2022-02-02,136.800000,139.000000,136.800000,138.640002,1285345,0.950468
2022-02-03,139.800000,140.950000,136.202002,137.078003,1666015,0.950468
2022-02-04,138.800000,139.350000,136.202002,137.745996,1359910,0.950468
2022-02-07,138.795996,138.795996,136.504004,136.656006,763940,0.950468
2022-02-08,137.600000,137.800000,136.266003,136.888000,849670,0.950468
2022-02-09,137.600000,138.700000,137.002002,137.621997,1244230,0.950468
2022-02-10,138.000000,138.500000,136.300000,136.678003,873825,0.950468
2022-02-11,137.797998,138.800000,136.419995,138.390002,758265,0.950468
2022-02-14,137.995996,139.576001,135.600000,136.468005,1081720,0.950468
2022-02-15,135.019995,137.380005,135.019995,136.178003,223810,0.950468
2022-02-16,137.359998,137.359998,135.002002,135.378003,781725,0.950468
2022-02-17,136.759998,136.759998,134.400000,135.104004,129190,0.950468
2022-02-18,136.180005,136.790002,135.119995,136.335999,178150,0.950468
2022-02-21,137.140002,137.140002,134.100000,134.638000,198115,0.950468
2022-02-22,135.140002,135.140002,130.000000,132.366003,1089450,0.950468
2022-02-23,133.600000,134.000000,131.000000,133.071997,773490,0.950468
2022-02-24,130.000000,130.700000,126.021997,127.035999,3115075,0.950468
2022-02-25,129.000000,129.200000,126.000000,126.702002,1283170,0.950468
2022-02-28,128.000000,132.600000,124.430005,129.795996,1399870,0.950468
2022-03-01,132.997998,132.997998,128.000000,128.326001,1166650,0.950468
2022-03-02,127.600000,127.600000,123.202002,124.973999,2329780,0.950468
2022-03-03,124.600000,124.800000,122.652002,123.335999,864790,0.950468
2022-03-04,123.997998,125.280005,123.400000,123.854004,623330,0.950468
2022-03-07,123.121997,123.121997,114.600000,115.038000,5004570,0.950468
2022-03-08,114.780005,115.995996,111.800000,112.359998,1717695,0.950468
2022-03-09,111.997998,114.600000,109.100000,110.519995,4170545,0.950468
2022-03-10,112.202002,118.600000,112.202002,118.066003,3446825,0.950468
2022-03-11,117.400000,118.600000,114.300000,115.016003,1245300,0.950468
2022-03-14,115.000000,115.000000,112.800000,114.095996,571415,0.950468
2022-03-15,114.750000,116.880005,114.700000,116.697998,554175,0.950468
2022-03-16,116.800000,120.400000,116.800000,117.333997,1659440,0.950468
2022-03-17,118.795996,119.000000,116.600000,116.916003,575600,0.950468
2022-03-18,115.240002,117.000000,113.200000,113.526001,1183740,0.950468
2022-03-21,114.800000,116.578003,113.000000,115.516003,947005,0.950468
2022-03-22,115.516003,115.997998,114.002002,114.397998,694805,0.950468
2022-03-24,115.200000,117.600000,113.154004,117.016003,772115,0.950468
2022-03-25,117.000000,119.997998,116.600000,119.533997,1186870,0.950468
2022-03-28,119.400000,124.100000,117.400000,123.542004,2433870,0.950468
2022-03-29,124.769995,127.000000,124.000000,125.978003,1469080,0.950468
2022-03-30,125.595996,128.800000,122.419995,126.338000,2142065,0.950468
2022-03-31,125.400000,127.800000,125.400000,127.269995,1187430,0.950468
2022-04-01,127.269995,130.000000,126.219995,128.728003,3203070,0.950468
2022-04-04,125.000000,125.000000,119.073999,119.581995,3867165,0.950468
2022-04-05,119.100000,120.400000,116.509998,117.207996,2932785,0.950468
2022-04-06,118.000000,119.400000,116.400000,116.885999,2189115,0.950468
2022-04-07,117.540002,117.600000,113.223999,115.366003,3076000,0.950468
2022-04-08,117.000000,119.800000,116.202002,118.368005,1778715,0.950468
2022-04-11,123.997998,126.800000,122.802002,125.243994,6634385,0.950468
2022-04-12,125.000000,126.000000,123.600000,124.876001,2054660,0.950468
2022-04-13,124.400000,124.600000,121.800000,122.347998,1277205,0.950468
2022-04-14,121.402002,123.200000,121.230005,122.421997,818860,0.950468
2022-04-15,123.000000,124.400000,121.600000,121.921997,673565,0.950468
2022-04-18,120.019995,122.000000,120.000000,120.442004,678165,0.950468
2022-04-19,120.900000,122.200000,118.600000,119.352002,917865,0.950468
2022-04-20,121.397998,121.397998,117.502002,118.104004,558815,0.950468
2022-04-21,117.419995,118.000000,116.000000,117.362000,659595,0.950468
2022-04-22,118.400000,118.400000,116.430005,116.918005,614145,0.950468
2022-04-25,118.002002,120.400000,116.640002,117.204004,1241095,0.950468
2022-04-26,117.597998,117.600000,115.400000,115.616003,812705,0.950468
2022-04-27,115.700000,116.800000,113.976001,114.223999,738615,0.950468
2022-04-28,114.000000,114.800000,111.602002,113.354004,1879730,0.950468
2022-05-06,113.354004,113.354004,111.600000,112.083997,860965,0.950468
2022-05-09,112.000000,112.000000,103.678003,103.776001,3748650,0.950468
2022-05-10,104.600000,104.600000,102.300000,103.154004,2039750,0.950468
2022-05-11,103.590002,103.590002,97.120001,101.867999,4294810,0.950468
2022-05-12,103.400000,104.000000,99.002002,102.907996,1933660,0.950468
2022-05-13,102.079999,105.200000,101.602002,104.666003,1738780,0.950468
2022-05-16,102.419995,104.666003,99.000000,100.434003,2352055,0.950468
2022-05-17,100.997998,101.000000,98.600000,99.152002,1855835,0.950468
2022-05-18,99.600000,101.679999,97.400000,101.121997,1969575,0.950468
2022-05-19,100.000000,102.200000,100.000000,100.373999,1595240,0.950468
2022-05-20,101.140002,101.197998,99.420001,100.558002,758520,0.950468
2022-05-23,100.002002,100.002002,95.200000,95.850000,4033065,0.950468
2022-05-24,95.850000,96.600000,93.402002,93.614001,2690655,0.950468
2022-05-25,94.000000,95.800000,90.902002,93.944000,3605900,0.950468
2022-05-26,93.479999,97.020001,92.400000,96.302002,1966925,0.950468
2022-05-27,98.000000,100.600000,96.600000,97.170001,3559845,0.950468
2022-05-30,97.600000,99.376001,97.002002,97.728003,646600,0.950468
2022-05-31,98.800000,98.800000,93.800000,94.447998,1597975,0.950468
2022-06-01,94.991998,94.991998,92.600000,92.841998,1348440,0.950468
2022-06-02,93.600000,93.600000,90.000000,90.402002,2508965,0.950468
2022-06-03,89.800000,90.600000,86.800000,87.234003,2009465,0.950468
2022-06-06,87.600000,90.200000,86.197998,88.982001,1600605,0.950468
2022-06-07,89.600000,90.720001,88.520001,89.653998,1523155,0.950468
2022-06-08,89.002002,95.200000,88.103998,93.009998,5915320,0.950468
2022-06-09,94.200000,94.400000,92.400000,92.956000,2079385,0.950468
2022-06-10,93.759998,94.600000,92.400000,93.435999,2101085,0.950468
2022-06-13,93.220001,93.220001,88.800000,90.203998,3583115,0.950468
2022-06-14,89.500000,90.320001,88.600000,89.640002,2208315,0.950468
2022-06-15,90.397998,91.897998,90.197998,90.735999,2669605,0.950468
2022-06-16,90.003998,91.900000,89.609998,91.670001,2260205,0.950468
2022-06-17,91.996002,93.800000,91.579999,92.758002,3386535,0.950468
2022-06-20,93.200000,93.700000,90.002002,90.640002,2022465,0.950468
2022-06-21,90.800000,93.400000,90.221997,92.952002,4538245,0.950468
2022-06-22,93.400000,93.800000,91.509998,91.940002,2898875,0.950468
2022-06-23,92.200000,93.600000,92.102002,92.379999,2019630,0.950468
2022-06-24,92.379999,92.600000,85.452002,87.234003,4373405,0.950468
2022-06-27,87.597998,90.000000,87.200000,89.415997,3108675,0.950468
2022-06-28,89.600000,95.000000,89.400000,92.094000,5002105,0.950468
2022-06-29,90.582001,92.997998,89.802002,91.502002,4497410,0.950468
2022-06-30,91.500000,93.200000,90.020001,91.808002,7923750,0.950468
2022-07-01,91.600000,91.700000,90.206000,90.538000,796515,0.950468
2022-07-04,90.100000,91.579999,87.879999,88.064001,2180895,0.950468
2022-07-05,88.300000,88.800000,86.759998,87.062000,733905,0.950468
2022-07-06,87.979999,88.790002,87.120001,87.423999,1620885,0.950468
2022-07-07,87.900000,88.003998,86.800000,87.079999,669355,0.950468
2022-07-13,86.997998,89.400000,86.021997,88.965997,2420510,0.950468
2022-07-14,90.200000,91.779999,88.600000,91.288000,3751740,0.950468
2022-07-15,91.700000,92.600000,89.120001,90.256000,2933620,0.950468
2022-07-18,88.000000,89.000000,86.600000,87.223999,1644900,0.950468
2022-07-19,87.200000,87.996002,84.700000,85.540002,1592465,0.950468
2022-07-20,86.178003,86.700000,85.000000,85.629999,1130020,0.950468
2022-07-21,86.000000,86.190002,84.400000,84.640002,1119825,0.950468
2022-07-22,85.197998,85.400000,81.462000,83.791998,2802275,0.950468
2022-07-25,83.000000,83.597998,82.302002,82.958002,753540,0.950468
2022-07-26,83.397998,84.376001,81.800000,82.882001,1791465,0.950468
2022-07-27,82.882001,83.597998,82.200000,83.135999,1411245,0.950468
2022-07-28,83.594000,84.779999,83.000000,83.247998,2545195,0.950468
2022-07-29,83.600000,83.600000,82.006000,82.385999,939220,0.950468
2022-08-01,82.400000,83.179999,81.802002,82.759998,549290,0.950468
2022-08-02,82.759998,84.200000,81.823999,83.423999,1273575,0.950468
2022-08-03,83.997998,89.670001,83.212000,88.309998,5874550,0.950468
2022-08-04,88.420001,90.990002,88.420001,90.434003,3972930,0.950468
2022-08-05,90.997998,94.979999,90.997998,93.229999,9153230,0.950468
2022-08-10,94.200000,95.378003,91.600000,92.297998,6066835,0.950468
2022-08-11,92.400000,93.534003,91.800000,92.897998,2863850,0.950468
2022-08-12,92.800000,93.000000,92.000000,92.659998,2522515,0.950468
2022-08-15,93.000000,96.100000,92.509998,94.794000,11586895,0.950468
2022-08-16,95.000000,97.890002,94.650000,95.965997,12809730,0.950468
2022-08-17,96.400000,101.085999,95.640002,99.658002,9739640,0.950468
2022-08-18,100.597998,102.200000,99.000000,100.135999,6100610,0.950468
2022-08-19,99.021997,99.682001,98.059998,98.578003,1650730,0.950468
2022-08-22,98.559998,98.778003,97.000000,98.112000,2563710,0.950468
2022-08-23,99.400000,104.373999,99.197998,103.614001,10925430,0.950468
2022-08-24,104.400000,105.400000,101.400000,101.915997,5105465,0.950468
2022-08-25,101.400000,105.380005,100.200000,104.162000,9852915,0.950468
2022-08-26,108.000000,108.000000,103.402002,103.756006,10485680,0.950468
2022-08-29,103.400000,103.400000,99.441998,102.314001,6500670,0.950468
2022-08-30,103.780005,104.300000,101.400000,101.978003,5168175,0.950468
2022-08-31,101.797998,103.900000,101.420001,103.343994,2860355,0.950468
2022-09-01,103.795996,105.902002,103.343994,104.673999,5713805,0.950468
2022-09-02,104.400000,105.290002,103.600000,104.147998,1957905,0.950468
2022-09-05,103.990002,104.900000,102.719995,103.421997,2425100,0.950468
2022-09-06,103.200000,103.200000,101.800000,102.456006,1007700,0.950468
2022-09-07,103.980005,104.000000,101.403998,101.641998,687060,0.950468
2022-09-08,102.202002,103.578003,102.100000,102.914001,2068850,0.950468
2022-09-09,103.200000,104.000000,102.700000,102.907996,1731390,0.950468
2022-09-12,103.200000,103.797998,102.000000,102.456006,777830,0.950468
2022-09-13,102.680005,103.340002,102.506006,102.680005,955575,0.950468
2022-09-14,102.680005,103.150000,102.000000,102.562000,787295,0.950468
2022-09-15,102.800000,104.669995,101.900000,102.194000,4614555,0.950468
2022-09-16,102.215997,103.040002,101.359998,101.634003,2059790,0.950468
2022-09-19,102.338000,102.338000,100.000000,100.397998,874060,0.950468
2022-09-20,100.779999,100.796002,98.300000,98.556000,2138115,0.950468
2022-09-21,98.997998,99.197998,96.200000,96.685999,2143335,0.950468
2022-09-22,96.000000,97.947998,94.609998,97.646002,2562685,0.950468
2022-09-23,98.779999,98.809998,95.409998,95.929999,1693565,0.950468
2022-09-26,96.200000,98.600000,94.000000,97.185999,8702415,0.950468
2022-09-27,98.000000,99.729999,97.200000,98.708002,5560700,0.950468
2022-09-28,99.179999,100.700000,98.809998,99.197998,3900235,0.950468
2022-09-29,99.558002,101.197998,98.400000,100.597998,4981700,0.950468
2022-09-30,100.200000,101.579999,98.221997,99.312000,4184640,0.950468
2022-10-03,99.778003,99.778003,98.409998,98.846002,851305,0.950468
2022-10-04,99.240002,102.200000,99.065997,101.185999,8057985,0.950468
2022-10-05,102.000000,103.778003,101.559998,103.352002,6647620,0.950468
2022-10-06,103.995996,104.600000,102.426001,102.607996,3306705,0.950468
2022-10-07,102.179999,104.180005,102.029999,102.371997,4119850,0.950468
2022-10-10,102.800000,103.500000,102.100000,102.918005,2541875,0.950468
2022-10-11,103.200000,103.419995,102.040002,102.688000,1669380,0.950468
2022-10-12,103.100000,104.000000,102.400000,102.700000,1816210,0.950468
2022-10-13,102.802002,103.418005,102.179999,102.514001,932855,0.950468
2022-10-14,103.397998,103.397998,102.202002,102.481995,1033785,0.950468
2022-10-17,102.978003,102.980005,101.940002,102.084003,1969005,0.950468
2022-10-18,102.303998,103.097998,101.397998,101.938000,2058180,0.950468
2022-10-19,102.600000,103.180005,102.100000,102.743994,1836030,0.950468
2022-10-20,103.200000,103.200000,102.400000,102.416003,1205675,0.950468
2022-10-21,102.797998,102.980005,101.620001,102.580005,933160,0.950468
2022-10-24,103.600000,103.600000,102.102002,102.206000,1915910,0.950468
2022-10-25,102.700000,102.700000,101.200000,101.602002,1063000,0.950468
2022-10-26,100.650000,101.384003,98.900000,99.515997,1886755,0.950468
2022-10-27,98.600000,99.878003,98.200000,98.615997,1732900,0.950468
2022-10-28,98.979999,98.997998,95.646002,96.129999,1127715,0.950468
2022-10-31,97.600000,97.600000,96.200000,97.056000,606615,0.950468
2022-11-01,98.747998,98.800000,97.215997,98.473999,2212535,0.950468
2022-11-02,98.400000,98.596002,97.040002,97.923999,801170,0.950468
2022-11-03,97.800000,98.950000,97.700000,97.982001,1756095,0.950468
2022-11-04,97.020001,97.597998,96.400000,96.644000,1231215,0.950468
2022-11-07,96.800000,97.800000,96.600000,96.726001,493540,0.950468
2022-11-08,97.770001,98.279999,97.400000,97.871997,1759805,0.950468
2022-11-10,98.379999,98.740002,97.600000,98.173999,2336520,0.950468
2022-11-11,98.400000,98.600000,97.700000,98.120001,768155,0.950468
2022-11-14,97.994000,98.100000,96.400000,97.815997,671675,0.950468
2022-11-15,97.640002,98.679999,97.000000,97.150000,2094015,0.950468
2022-11-16,97.976001,97.976001,96.597998,97.397998,403690,0.950468
2022-11-17,97.797998,98.056000,97.202002,97.558002,1277690,0.950468
2022-11-18,97.985999,97.985999,97.000000,97.585999,965650,0.950468
2022-11-21,96.800000,97.700000,96.659998,97.123999,661760,0.950468
2022-11-22,97.200000,98.378003,96.800000,97.506000,1800085,0.950468
2022-11-23,97.800000,97.979999,97.200000,97.429999,251250,0.950468
2022-11-24,97.429999,98.200000,97.002002,97.434003,1276815,0.950468
2022-11-25,98.400000,98.400000,96.534003,96.846002,842280,0.950468
2022-11-28,94.200000,94.200000,91.100000,91.632001,3857075,0.950468
2022-11-29,91.800000,93.600000,91.632001,93.447998,2057570,0.950468
2022-11-30,93.578003,95.000000,92.579999,94.558002,3420220,0.950468
2022-12-01,95.379999,95.379999,93.502002,93.771997,684535,0.950468
2022-12-02,94.400000,94.400000,91.240002,91.567999,1394820,0.950468
2022-12-05,91.979999,92.200000,87.800000,88.417999,1545540,0.950468
2022-12-06,88.800000,89.200000,87.400000,88.673999,995980,0.950468
2022-12-07,89.002002,90.996002,88.600000,90.717999,1507460,0.950468
2022-12-08,89.200000,91.000000,89.200000,90.385999,1226670,0.950468
2022-12-09,90.400000,91.000000,89.403998,90.628003,636300,0.950468
2022-12-12,90.202002,90.800000,90.200000,90.673999,1037270,0.950468
2022-12-13,90.202002,91.388000,90.202002,90.656000,899440,0.950468
2022-12-14,90.997998,91.000000,90.300000,90.753998,963385,0.950468
2022-12-15,90.996002,91.179999,89.400000,90.153998,2127105,0.950468
2022-12-16,90.959998,90.979999,89.021997,90.103998,1479545,0.950468
2022-12-19,89.888000,90.196002,88.202002,88.332001,331280,0.950468
2022-12-20,89.176001,90.000000,81.732001,84.429999,2453035,0.950468
2022-12-21,84.800000,86.697998,83.009998,86.196002,2175460,0.950468
2022-12-22,87.000000,88.597998,86.002002,87.784003,1090095,0.950468
2022-12-23,88.002002,88.002002,85.002002,85.985999,1001150,0.950468
2022-12-26,87.958002,90.600000,84.309998,87.052002,787115,0.950468
2022-12-27,87.596002,87.600000,86.440002,86.915997,566610,0.950468
2022-12-28,87.197998,87.197998,85.400000,86.296002,1612320,0.950468
2022-12-29,86.979999,90.000000,85.623999,89.391998,2446880,0.950468
2022-12-30,90.800000,90.800000,88.402002,89.315997,239640,0.950468
2023-01-02,89.550000,89.696002,87.400000,87.850000,367835,0.950468
2023-01-03,88.000000,88.000000,86.000000,86.279999,946365,0.950468
2023-01-04,86.979999,87.200000,85.602002,86.521997,1898395,0.950468
2023-01-05,86.300000,87.300000,85.800000,86.147998,692370,0.950468
2023-01-06,86.000000,87.600000,85.600000,86.621997,1207515,0.950468
2023-01-09,86.400000,86.779999,84.400000,84.717999,2394560,0.950468
2023-01-10,85.379999,87.850000,85.379999,87.344000,2974215,0.950468
2023-01-11,87.400000,87.996002,86.406000,86.765997,2218810,0.950468
2023-01-12,86.600000,89.400000,86.200000,87.123999,1717165,0.950468
2023-01-13,86.202002,87.358002,85.400000,85.635999,685545,0.950468
2023-01-16,85.400000,85.800000,83.900000,84.053998,408540,0.950468
2023-01-17,85.000000,85.000000,78.000000,78.346002,6344010,0.950468
2023-01-18,78.000000,80.200000,77.202002,79.941998,1320285,0.950468
2023-01-19,80.100000,80.800000,78.020001,78.391998,984535,0.950468
2023-01-20,79.734003,79.734003,76.140002,76.779999,1329415,0.950468
2023-01-23,75.400000,78.396002,75.400000,77.832001,399890,0.950468
2023-01-24,78.359998,79.402002,75.109998,78.764001,1726385,0.950468
2023-01-25,79.100000,80.800000,78.800000,79.364001,2070240,0.950468
2023-01-26,79.800000,82.400000,79.200000,80.965997,6231950,0.950468
2023-01-27,81.000000,81.300000,79.200000,79.585999,824250,0.950468
2023-01-30,79.997998,80.967999,78.800000,79.032001,662765,0.950468
2023-01-31,79.396002,81.979999,79.029999,81.750000,2750170,0.950468
2023-02-01,82.578003,82.578003,80.506000,81.014001,908785,0.950468
2023-02-02,81.500000,83.700000,80.408002,83.353998,2541555,0.950468
2023-02-03,82.378003,83.759998,82.378003,82.717999,621475,0.950468
2023-02-06,83.600000,85.379999,82.400000,84.676001,1778430,0.950468
2023-02-07,84.979999,86.379999,83.320001,83.928003,1770350,0.950468
2023-02-08,84.558002,84.729999,83.259998,84.188000,1381985,0.950468
2023-02-09,84.600000,86.800000,84.600000,86.038000,5813960,0.950468
2023-02-10,86.000000,86.000000,82.623999,82.841998,5769780,0.950468
2023-02-13,82.000000,84.000000,82.000000,83.184003,790680,0.950468
2023-02-14,83.194000,83.400000,81.520001,82.288000,1502160,0.950468
2023-02-15,83.538000,83.800000,81.102002,83.264001,1788480,0.950468
2023-02-16,82.600000,83.994000,81.800000,81.994000,2241720,0.950468
2023-02-17,81.223999,82.700000,81.200000,82.197998,300245,0.950468
2023-02-20,81.600000,82.173999,80.702002,81.858002,972065,0.950468
2023-02-21,82.953998,82.953998,81.400000,82.670001,412575,0.950468
2023-02-22,83.000000,83.400000,82.400000,83.121997,2850900,0.950468
2023-02-23,82.800000,83.178003,81.688000,82.797998,4299960,0.950468
2023-02-24,83.359998,83.979999,81.200000,83.152002,1966095,0.950468
2023-02-27,83.000000,83.600000,82.021997,82.785999,3598785,0.950468
2023-02-28,82.800000,83.576001,81.900000,82.732001,2230485,0.950468
2023-03-01,82.700000,82.700000,81.400000,81.584003,3412915,0.950468
2023-03-02,80.202002,82.300000,79.021997,79.358002,1841185,0.950468
2023-03-03,78.400000,81.300000,78.021997,80.947998,1622345,0.950468
2023-03-06,81.379999,82.200000,80.950000,82.046002,1128960,0.950468
2023-03-07,82.708002,83.500000,80.402002,82.659998,1355695,0.950468
2023-03-08,83.556000,83.779999,83.000000,83.394000,1775185,0.950468
2023-03-09,83.600000,84.470001,83.052002,84.059998,2918635,0.950468
2023-03-10,84.500000,84.776001,83.620001,84.265997,1619190,0.950468
2023-03-13,84.579999,85.000000,84.238000,84.371997,1938245,0.950468
2023-03-14,84.600000,84.600000,82.920001,83.021997,1015915,0.950468
2023-03-15,83.376001,86.379999,82.400000,84.900000,6129365,0.950468
2023-03-16,85.200000,86.578003,84.828003,85.253998,2406040,0.950468
2023-03-17,85.390002,85.390002,83.823999,84.003998,3920980,0.950468
2023-03-20,84.390002,84.400000,83.000000,83.135999,202940,0.950468
2023-03-21,83.879999,83.879999,82.503998,82.703998,289480,0.950468
2023-03-22,83.000000,83.000000,81.000000,81.270001,617235,0.950468
2023-03-24,81.600000,81.600000,80.159998,80.579999,469625,0.950468
2023-03-27,81.579999,81.579999,78.021997,80.771997,251165,0.950468
2023-03-28,82.000000,82.000000,79.820001,80.084003,941985,0.950468
2023-03-29,80.400000,80.897998,79.000000,79.220001,663325,0.950468
2023-03-30,80.000000,80.000000,79.200000,79.602002,412450,0.950468
2023-03-31,79.997998,81.376001,79.000000,80.488000,4637785,0.950468
2023-04-03,80.800000,80.800000,79.820001,80.002002,174740,0.950468
2023-04-04,80.200000,80.994000,79.221997,80.384003,379720,0.950468
2023-04-05,80.979999,80.988000,80.203998,80.582001,223165,0.950468
2023-04-06,80.582001,81.979999,80.579999,81.971997,460620,0.950468
2023-04-07,83.000000,83.000000,80.200000,80.876001,265580,0.950468
2023-04-10,81.397998,81.397998,78.200000,79.990002,427750,0.950468
2023-04-11,80.000000,80.000000,79.220001,79.820001,128300,0.950468
2023-04-12,80.597998,80.600000,79.000000,79.673999,446870,0.950468
2023-04-13,80.221997,80.794000,79.673999,80.441998,302815,0.950468
2023-04-17,81.015997,81.015997,79.200000,79.390002,287510,0.950468
2023-04-18,79.390002,79.979999,78.500000,78.594000,505130,0.950468
2023-04-19,78.594000,79.597998,78.578003,78.947998,187005,0.950468
2023-04-20,78.997998,80.400000,78.600000,80.132001,1050020,0.950468
2023-04-26,80.600000,81.400000,79.000000,79.391998,844795,0.950468
2023-04-27,79.600000,80.797998,79.197998,80.406000,997760,0.950468
2023-04-28,80.600000,81.000000,79.664001,80.234003,599975,0.950468
2023-05-02,83.200000,86.250000,83.200000,86.250000,3846350,0.950468
2023-05-03,89.009998,92.717999,89.000000,91.659998,12243075,0.950468
2023-05-04,91.697998,92.978003,91.021997,91.276001,2943570,0.950468
2023-05-05,91.717999,91.717999,90.006000,91.079999,1597465,0.950468
2023-05-08,91.059998,91.596002,89.200000,89.412000,1484785,0.950468
2023-05-09,89.400000,90.679999,88.050000,88.640002,3824625,0.950468
2023-05-10,88.400000,90.758002,86.420001,88.870001,3003950,0.950468
2023-05-11,89.800000,91.800000,88.870001,91.497998,2869515,0.950468
2023-05-12,92.000000,93.594000,90.920001,92.979999,3520015,0.950468
2023-05-15,93.200000,93.600000,92.200000,93.384003,1175930,0.950468
2023-05-16,94.550000,94.870001,93.400000,93.476001,1907885,0.950468
2023-05-17,93.800000,93.979999,92.209998,93.158002,884040,0.950468
2023-05-18,93.400000,94.603998,93.400000,93.723999,1167465,0.950468
2023-05-19,93.800000,94.947998,92.400000,94.347998,1226180,0.950468
2023-05-22,94.400000,94.738000,93.600000,94.247998,832380,0.950468
2023-05-23,94.200000,94.900000,93.800000,93.958002,862585,0.950468
2023-05-24,94.200000,94.590002,93.500000,93.823999,820005,0.950468
2023-05-25,94.190002,96.459998,94.000000,95.571997,3898565,0.950468
2023-05-26,96.991998,102.740002,96.202002,101.459998,8205080,0.950468
2023-05-29,102.600000,104.847998,102.100000,102.680005,7110790,0.950468
2023-05-30,103.200000,108.200000,102.780005,107.404004,8226560,0.950468
2023-05-31,107.450000,107.800000,102.600000,103.169995,6170795,0.950468
2023-06-01,103.000000,104.897998,102.202002,103.323999,3372810,0.950468
2023-06-02,103.397998,104.333997,102.800000,103.119995,1986575,0.950468
2023-06-05,103.580005,103.580005,101.579999,102.397998,1280835,0.950468
2023-06-06,102.197998,104.000000,102.021997,102.992004,1741015,0.950468
2023-06-07,102.995996,103.319995,102.600000,102.923999,924150,0.950468
2023-06-08,103.000000,103.600000,101.202002,101.591998,1258965,0.950468
2023-06-09,101.597998,102.200000,100.400000,101.640002,1267515,0.950468
2023-06-12,101.976001,107.719995,101.400000,105.242004,7044280,0.950468
2023-06-13,105.778003,106.400000,102.012000,102.252002,3911035,0.950468
2023-06-14,102.780005,103.740002,101.859998,102.430005,1570700,0.950468
2023-06-15,102.200000,104.000000,100.379999,102.300000,5245135,0.950468
2023-06-16,103.193994,103.600000,102.020001,102.252002,1957835,0.950468
2023-06-19,102.800000,103.400000,102.100000,102.329999,3613690,0.950468
2023-06-20,102.400000,103.097998,102.350000,102.538000,1360090,0.950468
2023-06-21,102.797998,103.280005,102.400000,102.552002,4742940,0.950468
2023-06-22,102.997998,103.197998,101.940002,102.631995,2096400,0.950468
2023-06-23,102.959998,103.000000,101.940002,102.547998,1839490,0.950468
2023-06-26,103.000000,106.276001,103.000000,105.064001,3401580,0.950468
2023-06-27,104.800000,105.350000,103.800000,104.418005,3252920,0.950468
2023-07-03,112.250000,112.250000,110.100000,112.250000,4299325,0.950468
2023-07-04,112.192004,112.400000,109.119995,109.380005,3379460,0.950468
2023-07-05,110.000000,110.600000,107.400000,108.566003,1979180,0.950468
2023-07-06,108.400000,112.000000,108.400000,111.695996,5294585,0.950468
2023-07-07,111.990002,112.100000,110.719995,111.221997,1549940,0.950468
2023-07-10,111.400000,112.995996,110.997998,111.457996,1977440,0.950468
2023-07-11,112.759998,114.600000,112.100000,113.500000,6109340,0.950468
2023-07-12,114.400000,116.197998,113.600000,115.730005,5347980,0.950468
2023-07-13,115.600000,117.800000,114.600000,116.373999,4743740,0.950468
2023-07-14,116.200000,117.600000,115.021997,115.943994,1349555,0.950468
2023-07-17,115.800000,116.800000,115.619995,116.266003,1785970,0.950468
2023-07-18,116.595996,117.109998,115.640002,116.488000,2525435,0.950468
2023-07-19,116.480005,116.480005,115.800000,116.328003,3429440,0.950468
2023-07-20,116.440002,117.600000,116.262000,116.657996,1342815,0.950468
2023-07-21,116.900000,117.000000,116.226001,116.604004,2988460,0.950468
2023-07-24,117.000000,117.100000,115.600000,116.590002,1747655,0.950468
2023-07-25,116.602002,117.018005,116.219995,116.581995,954925,0.950468
2023-07-26,116.604004,117.197998,116.600000,116.807996,2817135,0.950468
2023-07-31,116.800000,118.819995,116.800000,117.707996,2128900,0.950468
2023-08-01,119.897998,120.400000,118.397998,118.471997,1132390,0.950468
2023-08-02,118.200000,118.980005,117.102002,118.506006,2751130,0.950468
2023-08-03,118.900000,120.600000,118.602002,119.866003,7222795,0.950468
2023-08-04,120.004004,121.797998,120.000000,120.693994,1985605,0.950468
2023-08-07,120.959998,121.900000,120.000000,121.518005,1840920,0.950468
2023-08-08,123.100000,124.480005,120.400000,120.464001,3441610,0.950468
2023-08-09,120.400000,121.880005,120.400000,121.607996,1779080,0.950468
2023-08-10,121.600000,123.678003,121.000000,122.230005,1629425,0.950468
2023-08-11,122.906006,124.200000,122.242004,123.131995,2164465,0.950468
2023-08-15,123.395996,125.295996,122.550000,124.618005,2843575,0.950468
2023-08-16,124.400000,126.083997,124.000000,125.314001,1875185,0.950468
2023-08-17,124.209998,125.600000,123.802002,124.743994,945145,0.950468
2023-08-18,124.680005,125.395996,122.650000,122.792004,1210900,0.950468
2023-08-21,123.000000,123.390002,121.050000,121.145996,6348220,0.950468
2023-08-22,121.580005,121.769995,120.300000,120.523999,1330185,0.950468
2023-08-23,120.523999,121.200000,119.800000,120.171997,5456095,0.950468
2023-08-24,120.595996,120.880005,120.002002,120.133997,492730,0.950468
2023-08-25,120.797998,120.797998,119.621997,120.035999,1231085,0.950468
2023-08-28,118.442004,119.973999,117.602002,118.043994,922475,0.950468
2023-08-29,118.297998,118.297998,116.580005,117.014001,2598700,0.950468
2023-08-30,117.588000,117.588000,115.800000,116.095996,3585130,0.950468
2023-08-31,116.200000,116.200000,110.202002,112.056006,2922630,0.950468
2023-09-01,111.000000,111.600000,109.104004,111.040002,519610,0.950468
2023-09-04,111.980005,112.600000,111.200000,112.050000,463755,0.950468
2023-09-05,112.647998,113.659998,110.700000,111.076001,852040,0.950468
2023-09-06,111.076001,111.600000,110.221997,110.702002,1012175,0.950468
2023-09-07,110.700000,111.573999,107.400000,107.693994,1981840,0.950468
2023-09-08,108.000000,109.480005,107.019995,108.742004,505180,0.950468
2023-09-11,109.000000,109.388000,107.843994,108.357996,463630,0.950468
2023-09-12,108.800000,108.800000,106.119995,106.383997,894540,0.950468
2023-09-13,106.402002,109.578003,106.402002,108.990002,4307440,0.950468
2023-09-14,104.109998,106.800000,104.109998,104.942004,345820,0.982935
2023-09-15,107.580005,109.600000,107.200000,108.709998,2363075,0.982935
2023-09-18,108.400000,108.959998,107.219995,107.923999,325965,0.982935
2023-09-19,108.738000,108.738000,107.000000,107.428003,211215,0.982935
2023-09-20,107.947998,107.988000,107.000000,107.181995,191075,0.982935
2023-09-21,107.535999,111.800000,107.009998,110.016003,2403030,0.982935
2023-09-22,112.400000,112.400000,109.840002,110.126001,911235,0.982935
2023-09-25,109.800000,111.597998,109.202002,111.216003,926120,0.982935
2023-09-26,111.273999,112.250000,110.400000,111.833997,483495,0.982935
2023-09-27,112.380005,113.000000,110.819995,112.114001,1322725,0.982935
2023-10-02,113.200000,113.395996,112.300000,112.881995,1778890,0.982935
2023-10-03,113.009998,113.995996,112.828003,113.571997,536525,0.982935
2023-10-04,113.200000,114.280005,113.050000,113.957996,659105,0.982935
2023-10-05,114.195996,117.193994,114.195996,116.350000,2717745,0.982935
2023-10-06,116.797998,116.797998,115.319995,116.035999,371690,0.982935
2023-10-09,116.380005,116.380005,114.219995,116.056006,764085,0.982935
2023-10-10,116.600000,117.800000,116.040002,116.547998,639290,0.982935
2023-10-11,116.597998,116.600000,115.600000,116.212000,471530,0.982935
2023-10-12,116.200000,118.047998,116.119995,117.016003,1262215,0.982935
2023-10-13,117.019995,118.800000,116.652002,118.488000,1151335,0.982935
2023-10-16,118.490002,119.250000,117.052002,117.542004,739070,0.982935
2023-10-17,117.550000,119.000000,117.000000,118.488000,1776685,0.982935
2023-10-18,118.000000,119.580005,118.000000,119.185999,2920835,0.982935
2023-10-19,119.800000,119.978003,117.000000,119.250000,703055,0.982935
2023-10-20,119.250000,121.995996,119.250000,121.050000,2509180,0.982935
2023-10-23,121.597998,121.950000,120.802002,121.447998,1625745,0.982935
2023-10-24,120.900000,121.990002,120.240002,121.868005,899345,0.982935
2023-10-25,121.400000,123.019995,120.819995,121.288000,1155280,0.982935
2023-10-26,121.980005,122.640002,121.404004,121.871997,668790,0.982935
2023-10-27,121.800000,122.780005,121.400000,122.514001,825565,0.982935
2023-10-30,123.302002,127.100000,123.302002,126.554004,4170905,0.982935
2023-10-31,126.940002,127.219995,124.400000,126.895996,1414400,0.982935
2023-11-01,127.200000,127.819995,125.400000,127.609998,722110,0.982935
2023-11-02,127.697998,132.080005,127.697998,131.397998,5504055,0.982935
2023-11-03,132.400000,135.140002,132.200000,132.930005,2859500,0.982935
2023-11-06,134.000000,139.500000,133.104004,138.604004,10106885,0.982935
2023-11-07,139.400000,144.259998,139.400000,143.835999,12311455,0.982935
2023-11-08,144.400000,146.000000,142.600000,143.683997,4817185,0.982935
2023-11-10,143.000000,145.378003,143.000000,144.092004,2357585,0.982935
2023-11-13,144.980005,148.500000,143.628003,148.093994,16806715,0.982935
2023-11-14,148.000000,148.500000,145.500000,146.102002,3383670,0.982935
2023-11-15,146.600000,147.000000,143.600000,144.007996,1614475,0.982935
2023-11-16,144.800000,145.897998,143.000000,143.402002,5744270,0.982935
2023-11-17,144.395996,144.395996,139.233997,139.638000,7444045,0.982935
2023-11-20,139.400000,140.800000,135.600000,136.345996,993875,0.982935
2023-11-21,136.800000,140.000000,135.419995,138.285999,1437805,0.982935
2023-11-22,139.000000,144.200000,136.004004,143.256006,3114710,0.982935
2023-11-23,143.680005,146.400000,143.680005,145.400000,3701560,0.982935
2023-11-24,145.619995,146.395996,143.200000,143.538000,3081090,0.982935
2023-11-27,143.019995,147.000000,143.019995,146.012000,3935710,0.982935
2023-11-28,146.209998,154.800000,146.209998,152.257996,6057295,0.982935
2023-11-29,154.000000,159.000000,149.202002,151.297998,5062095,0.982935
2023-11-30,152.000000,158.000000,152.000000,157.395996,8518100,0.982935
2023-12-01,158.000000,164.200000,155.600000,163.695996,5435215,0.982935
2023-12-04,164.200000,166.000000,160.000000,162.876001,4508825,0.982935
2023-12-05,163.000000,163.000000,159.480005,160.688000,3429055,0.982935
2023-12-06,161.000000,163.000000,160.959998,161.780005,1988935,0.982935
2023-12-07,162.600000,163.380005,158.230005,159.568005,2438145,0.982935
2023-12-08,160.000000,160.019995,158.400000,158.819995,2167600,0.982935
2023-12-11,159.580005,159.580005,156.800000,157.452002,1960170,0.982935
2023-12-12,157.400000,162.000000,157.219995,161.595996,2607595,0.982935
2023-12-13,162.400000,164.993994,160.200000,161.485999,2827485,0.982935
2023-12-14,162.000000,163.004004,159.400000,162.562000,1008960,0.982935
2023-12-15,161.002002,164.590002,160.626001,162.012000,2042510,0.982935
2023-12-18,163.000000,163.378003,159.030005,159.468005,1674000,0.982935
2023-12-19,159.400000,159.602002,155.997998,156.602002,2040490,0.982935
2023-12-20,157.997998,157.997998,149.609998,153.500000,2472095,0.982935
2023-12-21,154.200000,155.400000,150.400000,154.643994,1764125,0.982935
2023-12-22,155.200000,155.400000,152.219995,152.854004,431710,0.982935
2023-12-26,152.800000,156.800000,146.000000,148.716003,1686115,0.982935
2023-12-27,147.604004,152.800000,146.300000,152.231995,1812760,0.982935
2023-12-28,152.600000,159.576001,151.780005,156.671997,2740195,0.982935
2023-12-29,157.000000,158.380005,154.602002,157.395996,1497285,0.982935
2024-01-01,158.021997,162.600000,158.021997,162.135999,1683540,0.982935
2024-01-02,162.597998,163.593994,159.026001,160.023999,1839470,0.982935
2024-01-03,160.400000,162.373999,158.800000,160.688000,2272990,0.982935
2024-01-04,161.300000,161.388000,157.700000,158.878003,2324205,0.982935
2024-01-05,159.400000,160.000000,157.300000,157.950000,676945,0.982935
2024-01-08,157.200000,158.800000,156.995996,157.362000,1206965,0.982935
2024-01-09,158.400000,159.200000,156.400000,156.988000,423450,0.982935
2024-01-10,157.959998,158.293994,155.400000,156.154004,620395,0.982935
2024-01-11,156.200000,159.200000,156.200000,157.969995,1358955,0.982935
2024-01-12,158.000000,160.980005,156.800000,157.612000,2890170,0.982935
2024-01-15,158.600000,159.021997,155.459998,155.983997,1388990,0.982935
2024-01-16,156.000000,156.800000,154.002002,154.492004,614570,0.982935
2024-01-17,155.000000,155.771997,152.000000,152.593994,734140,0.982935
2024-01-18,153.880005,153.880005,149.000000,150.226001,827545,0.982935
2024-01-19,151.400000,152.000000,149.000000,149.893994,566875,0.982935
2024-01-22,151.397998,151.397998,149.100000,150.130005,281055,0.982935
2024-01-23,150.600000,150.600000,147.409998,148.264001,2111165,0.982935
2024-01-24,148.580005,152.969995,148.004004,150.033997,2028585,0.982935
2024-01-25,150.440002,152.395996,149.400000,149.933997,1224380,0.982935
2024-01-26,150.419995,152.178003,148.200000,148.743994,1673555,0.982935
2024-01-29,148.757996,149.600000,147.814001,148.092004,1702335,0.982935
2024-01-30,148.995996,149.000000,146.019995,146.652002,1418365,0.982935
2024-01-31,146.800000,153.400000,145.200000,146.793994,629020,0.982935
2024-02-01,148.200000,149.333997,143.400000,145.426001,1708320,0.982935
2024-02-02,146.800000,149.200000,144.600000,148.290002,1255360,0.982935
2024-02-06,148.619995,150.200000,148.300000,149.897998,1067355,0.982935
2024-02-07,150.988000,151.600000,150.000000,151.064001,779580,0.982935
2024-02-09,149.219995,150.800000,144.000000,149.402002,1553375,0.982935
2024-02-12,149.000000,149.297998,142.069995,144.373999,1588190,0.982935
2024-02-13,142.100000,145.580005,139.600000,144.542004,2495605,0.982935
2024-02-14,145.800000,148.395996,145.531995,146.066003,615415,0.982935
2024-02-15,147.600000,147.773999,144.002002,144.647998,711900,0.982935
2024-02-16,145.000000,145.000000,140.006006,140.690002,918310,0.982935
2024-02-19,140.800000,143.600000,138.759998,142.123999,699305,0.982935
2024-02-20,142.600000,143.390002,139.402002,139.978003,646955,0.982935
2024-02-21,141.002002,145.600000,141.002002,145.143994,912535,0.982935
2024-02-22,146.000000,146.000000,142.800000,143.276001,762455,0.982935
2024-02-23,144.000000,148.200000,142.000000,145.712000,2067225,0.982935
2024-02-26,145.800000,152.000000,145.800000,146.726001,1762190,0.982935
2024-02-27,146.600000,148.700000,146.000000,147.269995,1121130,0.982935
2024-02-28,146.600000,153.973999,146.600000,152.176001,1442915,0.982935
2024-02-29,151.000000,156.000000,149.800000,150.476001,1342365,0.982935
2024-03-01,151.000000,151.600000,148.804004,149.414001,852940,0.982935
2024-03-04,151.200000,152.997998,149.743994,152.776001,906980,0.982935
2024-03-05,153.600000,154.400000,151.204004,152.747998,838105,0.982935
2024-03-06,153.000000,153.600000,151.412000,151.756006,500455,0.982935
2024-03-07,152.976001,152.976001,149.604004,150.578003,1024635,0.982935
2024-03-08,150.578003,153.800000,150.400000,151.595996,466015,0.982935
2024-03-11,152.800000,154.800000,151.202002,152.612000,1944540,0.982935
2024-03-12,153.797998,153.797998,151.000000,151.742004,715575,0.982935
2024-03-13,152.797998,152.797998,150.600000,150.990002,465495,0.982935
2024-03-14,142.106006,153.800000,142.106006,153.019995,827875,0.982935
2024-03-15,153.800000,155.969995,152.202002,155.019995,1791240,0.982935
2024-03-18,154.947998,155.778003,151.571997,152.350000,417395,0.982935
2024-03-19,153.776001,153.776001,151.814001,152.580005,524410,0.982935
2024-03-20,153.800000,153.954004,151.571997,152.459998,237310,0.982935
2024-03-21,153.400000,153.438000,149.004004,150.214001,1364970,0.982935
2024-03-22,151.380005,152.397998,149.007996,149.469995,239350,0.982935
2024-03-26,149.880005,150.800000,148.600000,150.164001,234195,0.982935
2024-03-27,150.409998,152.600000,150.409998,152.076001,277190,0.982935
2024-03-28,152.200000,154.419995,152.200000,153.942004,445070,0.982935
2024-03-29,154.000000,155.795996,152.002002,152.995996,271740,0.982935
2024-04-01,151.219995,154.400000,150.664001,151.330005,370205,0.982935
2024-04-02,151.997998,152.940002,150.304004,152.438000,313685,0.982935
2024-04-03,152.400000,159.990002,151.402002,159.731995,1581905,0.982935
2024-04-04,160.259998,160.997998,157.300000,158.216003,554535,0.982935
2024-04-08,158.400000,160.200000,156.607996,159.928003,584390,0.982935
2024-04-09,160.000000,162.200000,158.868005,159.316003,541560,0.982935
2024-04-15,157.909998,160.800000,157.769995,159.923999,692455,0.982935
2024-04-16,160.000000,162.400000,159.100000,160.006006,1282800,0.982935
2024-04-17,160.006006,161.800000,159.459998,160.830005,673710,0.982935
2024-04-18,161.154004,161.154004,157.230005,158.354004,733595,0.982935
2024-04-19,159.400000,159.400000,157.400000,157.704004,269815,0.982935
2024-04-22,157.700000,162.800000,157.700000,161.252002,935840,0.982935
2024-04-23,161.200000,166.980005,161.200000,165.238000,1917160,0.982935
2024-04-24,165.000000,175.000000,165.000000,171.980005,3299815,0.982935
2024-04-25,168.600000,174.793994,168.600000,169.502002,1160235,0.982935
2024-04-26,169.497998,173.200000,168.200000,172.752002,1108885,0.982935
2024-04-29,173.500000,174.140002,168.400000,169.333997,640480,0.982935
2024-04-30,167.997998,171.600000,166.900000,167.530005,1263415,0.982935
2024-05-02,167.619995,171.000000,166.409998,167.345996,2237865,0.982935
2024-05-03,167.957996,170.400000,167.402002,169.762000,1283455,0.982935
2024-05-06,171.000000,172.980005,170.000000,172.000000,1370440,0.982935
2024-05-07,172.000000,174.000000,170.000000,170.738000,912545,0.982935
2024-05-08,171.597998,171.757996,168.042004,168.421997,272175,0.982935
2024-05-09,169.600000,169.600000,166.059998,167.221997,1316005,0.982935
2024-05-10,168.800000,174.800000,168.200000,172.445996,2804945,0.982935
2024-05-13,172.800000,177.400000,172.000000,173.343994,2225025,0.982935
2024-05-14,174.000000,176.400000,173.800000,175.914001,1558725,0.982935
2024-05-15,176.000000,182.600000,176.000000,178.612000,2219940,0.982935
2024-05-16,178.795996,180.400000,177.402002,178.388000,1107065,0.982935
2024-05-17,178.800000,180.600000,176.219995,177.335999,697260,0.982935
2024-05-20,177.980005,179.800000,174.119995,176.816003,1323645,0.982935
2024-05-21,176.816003,177.776001,175.000000,176.419995,965120,0.982935
2024-05-22,173.150000,176.980005,173.150000,175.178003,1372645,0.982935
2024-05-23,175.397998,175.995996,174.009998,174.485999,212020,0.982935
2024-05-24,174.600000,180.200000,174.357996,178.095996,1207190,0.982935
2024-05-27,178.359998,179.600000,177.400000,177.592004,546045,0.982935
2024-05-29,178.000000,178.600000,176.231995,177.295996,1179560,0.982935
2024-05-30,178.600000,181.500000,176.212000,179.593994,2991635,0.982935
2024-05-31,179.593994,180.559998,178.400000,179.769995,967480,0.982935
2024-06-03,180.397998,181.800000,177.000000,180.276001,1312805,0.982935
2024-06-04,180.400000,183.800000,179.007996,181.756006,2940560,0.982935
2024-06-05,182.576001,183.400000,181.000000,181.962000,1227225,0.982935
2024-06-06,181.957996,184.595996,181.400000,183.012000,1365055,0.982935
2024-06-07,182.997998,183.550000,178.600000,182.178003,1108915,0.982935
2024-06-10,184.200000,184.202002,179.800000,180.454004,1492545,0.982935
2024-06-11,181.993994,182.800000,178.000000,179.288000,1344245,0.982935
2024-06-12,180.397998,181.380005,177.600000,178.104004,1255080,0.982935
2024-06-13,179.940002,192.397998,178.407996,191.450000,5413630,0.982935
2024-06-14,195.000000,195.000000,188.200000,189.288000,500090,0.982935
2024-06-20,190.030005,193.200000,190.000000,190.209998,826725,0.982935
2024-06-21,191.585999,191.588000,182.990002,183.483997,1237020,0.982935
2024-06-24,181.102002,183.481995,179.400000,180.069995,652260,0.982935
2024-06-25,180.000000,182.678003,177.997998,180.878003,2279750,0.982935
2024-06-26,180.880005,182.690002,180.000000,180.397998,665285,0.982935
2024-06-27,180.597998,182.900000,180.000000,180.595996,555525,0.982935
2024-06-28,182.000000,182.280005,179.002002,181.345996,405210,0.982935
2024-07-01,181.200000,182.400000,179.000000,179.797998,1709515,0.982935
2024-07-02,180.000000,181.976001,180.000000,180.330005,970855,0.982935
2024-07-03,181.768005,183.400000,180.021997,182.633997,518695,0.982935
2024-07-04,182.597998,187.800000,182.400000,185.226001,1916765,0.982935
2024-07-05,186.200000,186.200000,182.400000,183.814001,624030,0.982935
2024-07-08,183.200000,187.597998,183.200000,185.633997,859185,0.982935
2024-07-09,186.997998,187.750000,184.000000,184.776001,462430,0.982935
2024-07-10,184.159998,185.973999,181.640002,182.090002,351605,0.982935
2024-07-11,183.680005,183.680005,181.106006,181.278003,247405,0.982935
2024-07-12,180.364001,181.980005,178.021997,180.647998,328500,0.982935
2024-07-15,182.340002,186.000000,181.600000,184.895996,863195,0.982935
2024-07-18,185.000000,186.000000,184.026001,185.526001,231190,0.982935
2024-07-19,185.800000,187.400000,184.000000,185.540002,601430,0.982935
2024-07-22,184.200000,185.540002,179.980005,181.933997,731215,0.982935
2024-07-23,182.900000,183.188000,179.202002,181.530005,652080,0.982935
2024-07-24,181.797998,182.976001,180.200000,182.521997,179105,0.982935
2024-07-25,180.400000,182.800000,179.990002,180.676001,194195,0.982935
2024-07-26,180.800000,181.980005,178.219995,180.143994,561125,0.982935
2024-07-29,179.200000,182.800000,179.200000,180.530005,359640,0.982935
2024-07-30,181.400000,181.957996,178.814001,179.068005,243480,0.982935
2024-07-31,180.597998,180.597998,172.419995,174.200000,496490,0.982935
2024-08-01,177.954004,177.954004,170.452002,176.147998,541900,0.982935
2024-08-02,176.000000,178.000000,174.404004,177.219995,378510,0.982935
2024-08-05,179.995996,180.000000,172.240002,173.938000,388875,0.982935
2024-08-06,173.600000,175.800000,170.256006,171.083997,376505,0.982935
2024-08-07,169.600000,172.800000,169.600000,171.293994,403925,0.982935
2024-08-08,172.400000,174.400000,172.400000,173.964001,520040,0.982935
2024-08-09,176.000000,177.100000,174.000000,175.892004,942305,0.982935
2024-08-12,176.004004,178.000000,171.602002,172.121997,375295,0.982935
2024-08-13,172.200000,174.200000,170.240002,173.688000,238450,0.982935
2024-08-15,171.004004,174.535999,168.819995,169.619995,262115,0.982935
2024-08-16,170.000000,175.178003,170.000000,172.952002,268855,0.982935
2024-08-19,173.000000,173.978003,170.119995,170.604004,204370,0.982935
2024-08-20,171.109998,171.200000,167.802002,169.904004,192095,0.982935
2024-08-21,170.400000,170.959998,169.040002,169.973999,157770,0.982935
2024-08-22,171.393994,172.997998,170.002002,172.362000,282625,0.982935
2024-08-23,171.200000,172.800000,169.400000,169.992004,148695,0.982935
2024-08-26,170.000000,171.400000,167.606006,167.992004,123955,0.982935
2024-08-27,169.597998,169.597998,166.600000,166.897998,153760,0.982935
2024-08-28,166.000000,166.959998,165.400000,166.019995,203470,0.982935
2024-08-29,166.000000,167.309998,165.800000,165.938000,73175,0.982935
2024-08-30,166.000000,167.000000,165.702002,165.956006,95365,0.982935
2024-09-02,167.997998,167.997998,165.309998,165.526001,99760,0.982935
2024-09-03,166.000000,166.000000,164.202002,165.488000,65195,0.982935
2024-09-04,166.995996,168.995996,165.019995,168.381995,631260,0.982935
2024-09-05,169.000000,169.000000,166.540002,168.283997,264005,0.982935
2024-09-06,168.983997,169.800000,167.802002,168.535999,180465,0.982935
2024-09-09,169.600000,172.000000,168.207996,170.704004,163290,0.982935
2024-09-10,169.090002,177.797998,169.090002,175.212000,899105,0.982935
2024-09-11,177.040002,177.600000,174.204004,175.795996,1447055,0.982935
2024-09-12,172.947998,176.295996,170.000000,171.128003,1374330,1.000000
2024-09-13,173.576001,174.400000,170.012000,170.335999,1095290,1.000000
2024-09-16,171.157996,171.200000,168.230005,169.169995,453620,1.000000
2024-09-18,169.400000,172.004004,169.400000,171.088000,640020,1.000000
2024-09-19,171.397998,176.759998,171.000000,173.300000,1090195,1.000000
2024-09-20,175.897998,180.040002,172.140002,178.252002,3983030,1.000000
2024-09-23,177.400000,179.000000,176.100000,177.431995,350530,1.000000
2024-09-24,178.797998,178.797998,175.000000,177.028003,1197170,1.000000
2024-09-25,179.790002,179.800000,175.378003,179.238000,1129810,1.000000
2024-09-26,180.000000,180.578003,177.019995,178.164001,1288015,1.000000
2024-09-27,178.000000,179.900000,176.631995,179.173999,894800,1.000000
2024-09-30,179.980005,179.980005,176.000000,176.807996,1329805,1.000000
2024-10-01,177.200000,180.000000,176.800000,177.883997,1372950,1.000000
2024-10-02,179.785999,179.785999,174.221997,179.021997,1604625,1.000000
2024-10-03,179.693994,181.200000,178.000000,180.181995,4423140,1.000000
2024-10-04,181.168005,188.800000,180.000000,186.447998,4176560,1.000000
2024-10-07,186.600000,188.200000,184.421997,185.157996,919135,1.000000
2024-10-08,185.200000,187.000000,179.200000,180.968005,3330845,1.000000
2024-10-10,177.800000,177.821997,174.200000,174.757996,1990245,1.000000
2024-10-11,175.338000,175.340002,165.400000,169.023999,4901055,1.000000
2024-10-14,169.197998,170.100000,166.130005,168.916003,1905440,1.000000
2024-10-15,169.002002,170.371997,167.119995,168.835999,1157535,1.000000
2024-10-16,169.400000,170.792004,167.840002,168.107996,371905,1.000000
2024-10-17,169.000000,171.000000,167.600000,168.123999,259580,1.000000
2024-10-18,168.980005,169.397998,166.600000,167.547998,250515,1.000000
2024-10-21,168.540002,169.369995,167.619995,168.893994,197885,1.000000
2024-10-22,169.400000,174.600000,168.000000,173.306006,1175540,1.000000
2024-10-23,174.397998,176.000000,170.200000,172.719995,1053215,1.000000
2024-10-24,172.728003,178.400000,172.719995,178.007996,1994115,1.000000
2024-10-25,181.397998,184.180005,179.400000,181.876001,2774300,1.000000
2024-10-28,183.000000,188.997998,180.400000,183.212000,1389210,1.000000
2024-10-29,182.000000,188.000000,182.000000,183.745996,1449240,1.000000
2024-10-30,184.200000,185.780005,178.002002,180.145996,997575,1.000000
2024-10-31,180.940002,181.600000,175.600000,176.640002,1191630,1.000000
2024-11-01,177.397998,187.792004,175.800000,184.481995,1447130,1.000000
2024-11-04,184.400000,194.190002,184.400000,191.733997,1821910,1.000000
2024-11-05,194.780005,198.600000,192.600000,197.352002,2067010,1.000000
2024-11-06,199.390002,203.600000,197.200000,200.323999,2204850,1.000000
2024-11-07,204.000000,206.000000,201.000000,203.221997,605580,1.000000
2024-11-08,203.997998,203.997998,200.000000,200.385999,329485,1.000000
2024-11-11,201.993994,203.200000,197.200000,198.745996,854890,1.000000
2024-11-12,199.200000,200.995996,197.600000,197.942004,752540,1.000000
2024-11-13,198.673999,204.600000,197.800000,203.669995,1631860,1.000000
2024-11-14,206.000000,209.400000,204.043994,208.262012,1640655,1.000000
2024-11-15,208.997998,209.597998,205.400000,209.028003,871655,1.000000
2024-11-18,209.000000,212.000000,207.500000,211.658008,1789595,1.000000
2024-11-19,202.031995,211.858008,202.031995,209.206006,183765,1.000000
2024-11-20,208.200000,211.000000,204.404004,205.587988,2240425,1.000000
2024-11-21,202.040002,208.750000,202.040002,208.234009,341765,1.000000
2024-11-22,207.973999,210.032007,205.000000,205.378003,1501800,1.000000
2024-11-25,205.400000,207.995996,198.000000,199.756006,785850,1.000000
2024-11-26,199.754004,199.754004,185.000000,189.614001,2881420,1.000000
2024-11-27,192.000000,208.000000,191.980005,199.142004,2432320,1.000000
2024-11-28,199.600000,206.000000,199.000000,203.933997,1078550,1.000000
2024-11-29,203.800000,206.280005,202.800000,203.909998,316935,1.000000
2024-12-02,205.000000,210.800000,203.909998,208.019995,880935,1.000000
2024-12-03,208.226001,212.380005,208.000000,211.637988,2028060,1.000000
2024-12-04,211.637988,214.400000,209.000000,213.404004,1423005,1.000000
2024-12-05,213.404004,224.200000,210.291992,223.776001,2440490,1.000000
2024-12-06,224.002002,228.200000,220.000000,222.932007,1334095,1.000000
2024-12-09,224.021997,243.793994,220.600000,233.426001,1441460,1.000000
2024-12-10,238.997998,256.767993,231.400000,240.508008,5113215,1.000000
2024-12-11,242.000000,251.000000,241.000000,243.706006,1277415,1.000000
2024-12-12,245.800000,252.000000,240.800000,245.015991,2972600,1.000000
2024-12-13,245.000000,254.200000,243.010010,251.482007,1663325,1.000000
2024-12-16,252.000000,254.000000,244.002002,247.767993,2797905,1.000000
2024-12-17,245.000000,249.995996,235.000000,236.515991,2167485,1.000000
2024-12-18,238.200000,239.600000,222.534009,227.137988,1480340,1.000000
2024-12-19,225.000000,235.400000,210.000000,216.836011,2712475,1.000000
2024-12-20,216.800000,224.197998,214.600000,221.486011,1408535,1.000000
2024-12-23,225.000000,226.995996,210.200000,226.426001,899310,1.000000
2024-12-24,226.400000,230.400000,222.000000,223.158008,719520,1.000000
2024-12-26,223.219995,224.000000,212.000000,212.800000,1460350,1.000000
2024-12-27,214.000000,217.600000,213.200000,214.239990,859280,1.000000
2024-12-30,216.000000,222.100000,211.000000,219.789990,960965,1.000000
2024-12-31,223.000000,228.000000,218.250000,220.097998,1815695,1.000000
2025-01-02,240.000000,246.000000,231.000000,238.489990,1811290,1.000000
2025-01-03,243.800000,243.800000,220.202002,229.537988,2435420,1.000000
2025-01-06,231.780005,233.195996,225.000000,229.639990,918795,1.000000
2025-01-07,230.200000,231.180005,219.600000,230.189990,1371780,1.000000
2025-01-08,230.002002,234.400000,226.000000,226.908008,893515,1.000000
2025-01-09,227.400000,229.400000,218.387988,220.452002,872940,1.000000
2025-01-10,220.000000,224.939990,215.719995,218.947998,1076190,1.000000
2025-01-13,219.206006,224.000000,219.206006,220.800000,515970,1.000000
2025-01-14,222.900000,224.800000,218.821997,223.304004,752540,1.000000
2025-01-15,221.019995,225.800000,219.800000,222.128003,489735,1.000000
2025-01-16,222.200000,222.200000,218.204004,219.830005,435370,1.000000
2025-01-17,219.600000,226.997998,218.080005,225.660010,1336500,1.000000
2025-01-20,229.000000,229.000000,226.000000,226.591992,424675,1.000000
2025-01-21,226.400000,227.800000,219.600000,220.295996,414890,1.000000
2025-01-22,222.000000,223.800000,217.573999,219.487988,751635,1.000000
2025-01-23,221.997998,222.797998,219.750000,221.365991,251120,1.000000
2025-01-24,222.000000,226.000000,221.119995,221.830005,588435,1.000000
2025-01-27,222.000000,223.800000,218.200000,219.732007,512220,1.000000
2025-01-28,221.400000,223.797998,215.400000,216.963989,1779970,1.000000
2025-01-29,217.200000,219.000000,214.619995,215.230005,637255,1.000000
2025-01-30,214.000000,223.800000,214.000000,222.743994,2972360,1.000000
2025-01-31,230.000000,242.004004,228.000000,236.167993,5353205,1.000000
2025-02-03,236.800000,248.000000,235.641992,239.893994,3592410,1.000000
2025-02-04,242.000000,243.597998,237.000000,239.150000,1713160,1.000000
2025-02-06,239.000000,240.000000,235.000000,238.908008,2418950,1.000000
2025-02-07,237.619995,243.000000,237.619995,241.867993,415130,1.000000
2025-02-10,242.200000,243.000000,238.039990,241.819995,549980,1.000000
2025-02-11,242.856006,245.600000,242.000000,243.717993,1249150,1.000000
2025-02-12,243.717993,244.000000,241.380005,241.617993,860490,1.000000
2025-02-13,243.000000,250.000000,242.200000,248.430005,8369620,1.000000
2025-02-14,273.273999,273.273999,269.000000,273.273999,2682410,1.000000
2025-02-17,273.400000,288.200000,272.000000,280.860010,5089145,1.000000
2025-02-18,282.000000,298.200000,276.204004,291.930005,3472555,1.000000
2025-02-19,293.580005,294.800000,278.400000,280.434009,2678355,1.000000
2025-02-20,280.000000,290.000000,276.000000,279.184009,3227355,1.000000
2025-02-21,307.102002,307.102002,281.000000,284.504004,10663580,1.000000
2025-02-24,280.200000,294.397998,274.219995,289.873999,7314600,1.000000
2025-02-25,292.000000,296.000000,288.000000,291.256006,2106275,1.000000
2025-02-26,291.600006,295.196014,290.000000,291.985992,1248690,1.000000
2025-02-27,293.399994,293.977997,286.600006,287.385986,796900,1.000000
2025-02-28,288.980011,288.980011,281.220001,284.832001,936540,1.000000
2025-03-03,283.050000,286.800000,281.800000,282.543994,808830,1.000000
2025-03-05,286.600000,292.000000,285.800000,286.862012,1424155,1.000000
2025-03-06,287.419995,290.000000,286.550000,286.986011,890675,1.000000
2025-03-07,287.997998,291.576001,286.800000,289.789990,1618600,1.000000
2025-03-10,290.000000,292.600000,288.000000,289.697998,646240,1.000000
2025-03-11,289.600000,290.000000,286.400000,287.658008,657025,1.000000
2025-03-12,288.400000,288.800000,285.600000,286.180005,419910,1.000000
2025-03-13,286.800000,296.800000,286.800000,294.265991,2208710,1.000000
2025-03-14,298.000000,298.000000,291.119995,292.821997,2100430,1.000000
2025-03-17,293.997998,299.800000,293.000000,298.597998,2077745,1.000000
2025-03-18,300.000000,305.000000,298.510010,303.360010,2624675,1.000000
2025-03-19,303.000000,309.000000,298.000000,306.923999,2893320,1.000000
2025-03-20,309.597998,314.000000,308.039990,309.897998,2771530,1.000000
2025-03-21,310.219995,312.000000,304.010010,305.558008,831130,1.000000
2025-03-24,307.600000,308.400000,297.800000,299.289990,1212470,1.000000
2025-03-25,299.200000,301.450000,294.600000,299.573999,765635,1.000000
2025-03-26,302.000000,303.000000,296.000000,298.256006,1062195,1.000000
2025-03-27,297.202002,303.600000,296.039990,299.319995,1326510,1.000000
2025-04-03,298.000000,305.978003,297.202002,303.252002,1462595,1.000000
2025-04-04,303.000000,305.989990,299.400000,300.282007,1557795,1.000000
2025-04-07,298.000000,300.000000,282.400000,295.212012,2930270,1.000000
2025-04-08,300.002002,324.360010,298.800000,314.830005,10317540,1.000000
2025-04-09,316.000000,316.000000,308.200000,312.195996,3027045,1.000000
2025-04-10,320.600006,325.200012,316.002014,320.365997,3984900,1.000000
2025-04-11,318.000000,322.799988,315.600006,320.589996,2280510,1.000000
2025-04-14,323.100006,339.799988,321.019989,337.917999,5140045,1.000000
2025-04-15,340.000000,349.399994,335.000000,343.246002,5753460,1.000000
2025-04-16,344.000000,354.200012,342.000000,345.108002,3784775,1.000000
2025-04-17,346.399994,351.980011,345.399994,347.660004,2238735,1.000000
2025-04-18,349.760010,359.200012,347.600006,350.290009,5546650,1.000000
2025-04-29,358.000000,363.980011,335.000000,349.160004,7838604,1.000000
2025-04-30,340.000000,343.940002,325.000000,327.290009,5286939,1.000000
2025-05-02,336.100006,342.000000,333.000000,336.799988,4552166,1.000000
2025-05-05,337.000000,340.000000,328.000000,335.010010,3188998,1.000000
2025-05-06,339.309998,339.309998,320.000000,323.309998,2354625,1.000000
2025-05-07,300.010010,318.440002,296.000000,304.920013,7169114,1.000000
2025-05-08,306.109985,317.950012,274.429993,287.679993,7396858,1.000000
2025-05-09,295.000000,309.000000,280.149994,307.070007,3642443,1.000000
2025-05-12,337.779999,337.779999,337.779999,337.779999,876832,1.000000
2025-05-13,351.000000,354.989990,337.799988,351.190002,6259987,1.000000
2025-05-14,364.950012,364.950012,343.000000,351.100006,5816281,1.000000
2025-05-15,351.100006,354.000000,343.000000,347.489990,2643581,1.000000
2025-05-16,349.000000,349.000000,341.500000,342.369995,1051595,1.000000
2025-05-19,345.000000,347.000000,335.100006,338.149994,1389149,1.000000
2025-05-20,339.000000,346.000000,332.820007,337.170013,1331099,1.000000
2025-05-21,336.989990,338.089996,333.600006,335.390015,1037102,1.000000
2025-05-22,335.510010,336.880005,323.519989,324.989990,1883910,1.000000
2025-05-23,326.959991,330.489990,320.049988,324.820007,917946,1.000000
2025-05-26,321.010010,327.820007,321.010010,322.880005,495875,1.000000
2025-05-27,325.010010,329.790009,319.500000,324.230011,2294998,1.000000
2025-05-29,325.970001,339.899994,324.750000,333.380005,2756891,1.000000
2025-05-30,335.440002,338.000000,333.500000,335.619995,827975,1.000000
2025-06-02,336.049988,339.850006,330.000000,331.769989,984536,1.000000
2025-06-03,335.000000,343.500000,334.000000,339.260010,2955173,1.000000
2025-06-04,343.000000,348.100006,341.500000,345.609985,3330662,1.000000
2025-06-05,345.609985,347.500000,340.619995,342.059998,816940,1.000000
2025-06-10,343.000000,343.010010,334.850006,335.480011,1141529,1.000000
2025-06-11,345.000000,354.000000,340.109985,352.130005,5565026,1.000000
2025-06-12,355.000000,374.000000,352.010010,356.000000,9603356,1.000000
2025-06-13,348.000000,351.000000,341.500000,345.720001,3402914,1.000000
2025-06-17,345.720001,351.989990,339.959991,340.850006,2370083,1.000000
2025-06-18,336.000000,336.500000,328.700012,331.529999,2056615,1.000000
2025-06-19,331.500000,337.010010,325.000000,328.450012,2994913,1.000000
2025-06-20,327.880005,332.899994,326.000000,329.929993,761312,1.000000
2025-06-23,320.200012,326.890015,315.000000,316.660004,1695746,1.000000
2025-06-24,335.500000,347.950012,331.109985,346.420013,4684225,1.000000
2025-06-25,348.000000,349.500000,345.000000,347.739990,1642530,1.000000
2025-06-26,347.750000,351.000000,340.390015,341.279999,1506811,1.000000
2025-06-27,342.600006,365.000000,341.279999,355.890015,6413957,1.000000
2025-06-30,357.100006,359.000000,353.010010,355.239990,1632314,1.000000
2025-07-01,357.000000,357.000000,347.980011,349.760010,2143278,1.000000
2025-07-02,350.000000,353.899994,348.000000,348.799988,989113,1.000000
2025-07-03,349.970001,355.500000,348.070007,349.660004,1500526,1.000000
2025-07-04,352.989990,354.500000,350.000000,353.079987,962543,1.000000
2025-07-07,354.989990,358.000000,352.000000,356.589996,1531676,1.000000
2025-07-08,358.000000,359.630005,352.070007,355.029999,1740065,1.000000
2025-07-09,356.489990,357.000000,350.250000,352.420013,1014954,1.000000
2025-07-10,354.000000,354.250000,350.000000,353.380005,1390682,1.000000
2025-07-11,354.440002,359.899994,351.500000,351.980011,1637078,1.000000
2025-07-14,353.000000,355.799988,350.750000,353.190002,1083505,1.000000
2025-07-15,354.000000,356.000000,349.000000,349.869995,1176731,1.000000
2025-07-16,350.000000,351.100006,345.000000,349.619995,867656,1.000000
2025-07-17,350.950012,359.100006,349.000000,358.299988,2044005,1.000000
2025-07-18,358.510010,374.850006,354.720001,358.709991,5228348,1.000000
2025-07-21,358.500000,365.000000,356.000000,357.730011,987508,1.000000
2025-07-22,358.000000,361.000000,355.609985,357.079987,1121102,1.000000
2025-07-23,358.000000,360.000000,355.500000,356.769989,771597,1.000000
2025-07-24,357.019989,359.450012,353.000000,353.489990,688855,1.000000
2025-07-25,353.200012,360.000000,352.010010,358.540009,931294,1.000000
2025-07-28,361.890015,373.239990,361.739990,369.299988,3333943,1.000000
2025-07-29,370.000000,374.890015,357.809998,361.880005,4317828,1.000000
2025-07-30,363.989990,364.989990,351.000000,356.429993,1928440,1.000000
2025-07-31,358.000000,362.350006,352.500000,356.950012,855949,1.000000
2025-08-01,358.000000,362.100006,355.000000,359.910004,1168697,1.000000
2025-08-04,364.970001,374.000000,363.510010,372.109985,2876974,1.000000
2025-08-05,372.109985,377.850006,371.989990,374.940002,3163979,1.000000
2025-08-06,377.500000,382.510010,375.160004,380.829987,3126789,1.000000
2025-08-07,381.010010,384.399994,376.200012,382.290009,2162742,1.000000
2025-08-08,380.000000,386.899994,370.200012,374.730011,1639040,1.000000
2025-08-11,374.000000,382.399994,372.000000,375.880005,1875675,1.000000
2025-08-12,378.970001,381.250000,376.510010,378.399994,1139433,1.000000
2025-08-13,380.109985,387.000000,379.010010,385.420013,1860408,1.000000
2025-08-15,387.450012,399.750000,383.000000,394.339996,3300897,1.000000
2025-08-18,395.000000,413.500000,394.600006,411.019989,3728197,1.000000
2025-08-19,412.000000,430.000000,412.000000,425.980011,3914791,1.000000
2025-08-20,430.000000,432.450012,423.010010,424.619995,2577062,1.000000
2025-08-21,425.000000,428.950012,409.000000,419.910004,3096060,1.000000
2025-08-22,419.910004,424.500000,415.500000,417.079987,1247451,1.000000
2025-08-25,418.010010,420.000000,411.000000,413.579987,696364,1.000000
2025-08-26,413.700012,422.980011,411.000000,415.440002,907341,1.000000
2025-08-27,418.000000,419.500000,413.799988,414.630005,787919,1.000000
2025-08-28,415.000000,423.500000,414.630005,418.260010,1560131,1.000000
2025-08-29,420.000000,435.000000,419.250000,427.420013,2963919,1.000000
2025-09-01,429.200012,449.200012,428.010010,445.549988,4086384,1.000000
2025-09-02,448.000000,448.000000,438.000000,440.720001,2089897,1.000000
2025-09-03,441.260010,450.000000,441.260010,443.170013,2159612,1.000000
2025-09-04,443.170013,456.000000,443.100006,452.910004,2993412,1.000000
2025-09-05,454.899994,482.000000,454.100006,466.179993,6159407,1.000000
2025-09-08,469.000000,481.000000,469.000000,478.570007,3073083,1.000000
2025-09-09,477.899994,485.970001,472.500000,481.010010,3637777,1.000000
2025-09-10,475.600006,486.000000,474.000000,483.209991,1838689,1.000000
2025-09-11,483.500000,486.989990,478.000000,480.640015,1919069,1.000000
2025-09-12,481.000000,483.000000,471.500000,474.170013,1666181,1.000000
2025-09-15,474.170013,479.049988,470.000000,476.589996,2177425,1.000000
2025-09-16,479.899994,481.000000,475.000000,477.519989,1586736,1.000000
2025-09-17,478.799988,487.500000,477.000000,480.559998,2244163,1.000000
2025-09-18,481.000000,486.000000,480.559998,484.450012,1319613,1.000000
2025-09-19,485.989990,494.500000,480.549988,487.989990,1361634,1.000000
2025-09-22,489.470001,491.980011,481.010010,482.399994,874264,1.000000
2025-09-24,476.700012,481.000000,473.000000,474.829987,578674,1.000000
2025-09-25,475.049988,477.600006,460.000000,464.619995,1187814,1.000000
2025-09-26,465.000000,474.000000,460.750000,470.559998,2136072,1.000000
2025-09-29,473.980011,473.980011,466.000000,467.100006,847609,1.000000
2025-09-30,467.250000,478.000000,463.100006,475.890015,1588041,1.000000
2025-10-01,478.890015,483.000000,469.549988,479.070007,996089,1.000000
2025-10-02,479.000000,484.989990,470.100006,472.140015,1566426,1.000000
2025-10-03,475.000000,479.790009,473.010010,474.119995,837163,1.000000
2025-10-06,472.500000,474.000000,467.000000,470.649994,827392,1.000000
2025-10-08,457.000000,459.989990,440.000000,443.950012,2592217,1.000000
2025-10-09,445.109985,463.489990,445.109985,450.880005,1481644,1.000000
2025-10-10,450.000000,460.000000,443.000000,448.339996,1114027,1.000000
2025-10-13,441.000000,450.000000,425.000000,431.380005,2567586,1.000000
2025-10-14,440.000000,472.000000,440.000000,467.160004,1942602,1.000000
2025-10-15,468.000000,470.010010,454.049988,458.549988,1873814,1.000000
2025-10-16,458.350006,465.950012,452.100006,454.589996,1593384,1.000000
2025-10-17,457.000000,463.000000,451.119995,459.890015,986837,1.000000
2025-10-20,465.000000,467.500000,456.000000,462.450012,666061,1.000000
2025-10-21,463.010010,465.000000,458.010010,462.410004,718850,1.000000
2025-10-22,462.299988,463.750000,457.109985,459.850006,861474,1.000000
2025-10-23,457.989990,460.000000,450.000000,451.779999,635349,1.000000
2025-10-24,451.779999,455.000000,443.019989,452.320007,510119,1.000000
2025-10-27,452.320007,452.320007,443.799988,445.200012,388945,1.000000
2025-10-28,455.000000,464.899994,450.510010,452.640015,1406545,1.000000
2025-10-29,452.510010,458.000000,440.000000,442.279999,736919,1.000000
2025-10-30,442.000000,452.850006,442.000000,445.929993,1121777,1.000000
2025-10-31,450.000000,462.000000,450.000000,459.869995,754891,1.000000
2025-11-03,465.000000,465.480011,458.000000,459.920013,709293,1.000000
2025-11-04,460.000000,462.049988,449.820007,454.760010,718536,1.000000
2025-11-05,455.850006,455.850006,440.010010,442.019989,1120641,1.000000
2025-11-06,443.950012,444.839996,427.989990,439.660004,1702646,1.000000
2025-11-07,440.000000,445.000000,432.549988,439.839996,682624,1.000000
2025-11-10,441.989990,446.500000,439.000000,441.420013,708042,1.000000
2025-11-11,441.000000,443.989990,430.000000,430.619995,1365386,1.000000
2025-11-12,430.000000,434.000000,422.000000,424.339996,1132424,1.000000
2025-11-13,425.010010,449.000000,425.010010,445.899994,2584227,1.000000
2025-11-14,448.109985,450.890015,441.510010,442.410004,997259,1.000000
2025-11-17,445.100006,447.899994,431.000000,432.630005,1116466,1.000000
2025-11-18,435.989990,436.000000,425.000000,430.239990,1244144,1.000000
2025-11-19,430.239990,434.500000,426.910004,428.079987,911237,1.000000
2025-11-20,430.000000,432.890015,426.100006,429.779999,644548,1.000000
2025-11-21,431.000000,435.000000,426.500000,428.420013,838510,1.000000
2025-11-24,428.010010,431.000000,421.869995,426.980011,984016,1.000000
2025-11-25,428.100006,433.450012,423.000000,430.529999,606817,1.000000
2025-11-26,427.500000,440.000000,423.500000,436.700012,1197282,1.000000
2025-11-27,438.070007,457.000000,438.000000,451.579987,1937982,1.000000
2025-11-28,453.500000,460.480011,452.000000,458.239990,1906835,1.000000
2025-12-01,464.000000,469.000000,455.000000,465.350006,2448671,1.000000
2025-12-02,468.989990,481.399994,463.250000,476.709991,4149100,1.000000
2025-12-03,480.000000,480.000000,466.000000,471.130005,973670,1.000000
2025-12-04,469.000000,472.980011,465.000000,471.440002,568533,1.000000
2025-12-05,478.000000,478.000000,468.010010,475.600006,1475173,1.000000
2025-12-08,475.000000,477.980011,471.500000,476.059998,755301,1.000000
2025-12-09,479.450012,488.700012,473.489990,485.920013,1639272,1.000000
2025-12-10,485.920013,504.000000,485.269989,497.279999,2634361,1.000000
2025-12-11,495.000000,496.000000,484.519989,487.239990,1026336,1.000000
2025-12-12,487.239990,492.769989,481.000000,488.820007,761289,1.000000
2025-12-15,490.000000,496.000000,487.019989,488.600006,697626,1.000000
2025-12-16,491.980011,500.000000,487.500000,488.299988,1138092,1.000000
2025-12-17,488.799988,490.500000,471.200012,476.630005,1401564,1.000000
2025-12-18,479.109985,495.029999,477.000000,485.489990,1456032,1.000000
2025-12-19,485.670013,503.040009,485.670013,499.040009,2918362,1.000000
2025-12-22,498.989990,529.500000,495.000000,512.700012,3865992,1.000000
2025-12-23,510.000000,520.000000,505.100006,509.200012,1265993,1.000000
2025-12-24,495.010010,502.000000,487.959991,490.420013,1659599,1.000000
2025-12-26,491.890015,497.799988,485.000000,486.359985,1277190,1.000000
2025-12-29,489.890015,495.000000,484.799988,486.739990,941680,1.000000
2025-12-30,487.000000,492.000000,486.100006,487.239990,1120108,1.000000
2025-12-31,492.000000,492.000000,470.000000,474.959991,3110153,1.000000
2026-01-02,483.989990,486.649994,472.000000,478.440002,1492540,1.000000
2026-01-05,478.500000,498.989990,478.500000,488.359985,3367840,1.000000
2026-01-06,490.500000,514.000000,489.000000,508.799988,6692054,1.000000
2026-01-07,508.799988,515.229980,506.010010,512.150024,2461854,1.000000
2026-01-08,514.489990,516.880005,504.549988,507.839996,2146131,1.000000
2026-01-09,507.000000,508.269989,492.000000,498.299988,1889315,1.000000
2026-01-12,498.299988,499.970001,490.000000,491.179993,1108288,1.000000
2026-01-13,494.200012,506.000000,488.000000,500.089996,1677757,1.000000
2026-01-14,500.260010,502.000000,487.109985,490.000000,1683329,1.000000
2026-01-15,490.019989,495.000000,485.000000,487.579987,818902,1.000000
2026-01-16,488.100006,500.119995,488.100006,493.859985,1495746,1.000000
2026-01-19,497.989990,501.250000,494.160004,500.149994,1057520,1.000000
2026-01-20,501.000000,502.959991,495.000000,496.369995,1004690,1.000000
2026-01-21,498.489990,499.790009,490.000000,492.350006,1161563,1.000000
2026-01-22,491.989990,497.200012,490.100006,495.170013,788835,1.000000
2026-01-23,494.980011,497.000000,485.010010,491.940002,945441,1.000000
2026-01-26,492.000000,499.000000,480.059998,486.260010,1521757,1.000000
2026-01-27,485.000000,485.000000,475.100006,477.239990,1724656,1.000000
2026-01-28,478.000000,485.000000,475.010010,478.070007,1043937,1.000000
2026-01-29,480.000000,483.500000,462.510010,465.429993,1801771,1.000000
2026-01-30,467.899994,489.500000,465.000000,482.130005,2341538,1.000000
2026-02-02,483.500000,486.820007,473.500000,475.910004,1361788,1.000000
2026-02-03,479.269989,481.500000,475.010010,476.059998,1482328,1.000000
2026-02-04,477.000000,481.750000,475.000000,476.660004,2918769,1.000000
2026-02-06,477.000000,478.000000,466.500000,468.649994,1405871,1.000000
2026-02-09,472.000000,473.850006,455.760010,457.489990,2459358,1.000000
2026-02-10,459.989990,470.000000,453.010010,465.950012,1816434,1.000000
2026-02-11,466.000000,484.000000,466.000000,477.529999,4625558,1.000000
2026-02-12,477.000000,482.500000,467.059998,472.880005,2375010,1.000000
2026-02-13,472.000000,472.000000,454.010010,460.859985,4047882,1.000000
2026-02-16,461.019989,462.000000,442.000000,449.059998,5941873,1.000000
2026-02-17,449.059998,457.000000,441.000000,445.649994,2541525,1.000000
2026-02-18,449.000000,457.500000,445.500000,454.250000,4594770,1.000000
2026-02-19,453.899994,453.899994,432.600006,435.720001,1299232,1.000000
2026-02-20,435.799988,441.970001,424.010010,436.500000,1735381,1.000000
2026-02-23,434.989990,435.000000,397.000000,407.970001,3536711,1.000000
2026-02-24,415.000000,431.019989,405.000000,422.220001,2981168,1.000000
2026-02-25,423.239990,428.299988,410.549988,414.579987,1153268,1.000000
2026-02-26,415.000000,430.500000,408.000000,424.059998,2515007,1.000000
2026-02-27,420.000000,435.000000,410.200012,422.179993,1338120,1.000000
2026-03-02,379.959991,410.200012,379.959991,381.269989,7253805,1.000000
2026-03-03,387.000000,405.000000,381.269989,398.549988,4351762,1.000000
2026-03-04,398.000000,398.000000,389.000000,390.600006,1650846,1.000000
2026-03-05,392.950012,400.500000,390.000000,398.829987,3782703,1.000000
2026-03-06,397.989990,398.000000,381.989990,383.040009,2031009,1.000000
2026-03-09,344.739990,359.989990,344.739990,344.970001,3897451,1.000000
2026-03-10,376.000000,379.470001,371.000000,379.410004,1965393,1.000000
2026-03-11,385.000000,390.000000,375.100006,379.019989,1669709,1.000000
2026-03-12,375.100006,377.959991,365.000000,366.500000,1772781,1.000000
2026-03-13,365.000000,367.649994,350.000000,358.850006,1885853,1.000000
2026-03-16,358.399994,359.000000,341.500000,342.910004,2232849,1.000000
2026-03-17,345.000000,354.980011,341.000000,346.790009,2681764,1.000000
2026-03-18,349.989990,363.500000,343.970001,356.529999,2708443,1.000000
2026-03-19,350.029999,358.519989,344.000000,354.850006,2716650,1.000000
2026-03-24,379.679993,379.679993,358.000000,365.220001,4346775,1.000000
2026-03-25,370.230011,389.250000,368.109985,384.989990,4696288,1.000000
2026-03-26,383.970001,383.970001,363.000000,366.559998,3312882,1.000000
2026-03-27,366.149994,373.000000,360.000000,362.299988,1987580,1.000000
2026-03-30,362.299988,364.000000,339.000000,345.089996,2657018,1.000000
2026-03-31,355.000000,364.000000,350.519989,356.859985,1986599,1.000000
2026-04-01,368.000000,392.549988,368.000000,389.579987,6249051,1.000000
2026-04-02,376.000000,383.440002,370.000000,378.750000,2852587,1.000000
2026-04-03,370.000000,377.000000,369.000000,371.170013,1461592,1.000000
2026-04-06,370.500000,382.559998,361.359985,379.260010,3261316,1.000000
2026-04-07,372.000000,385.000000,370.000000,382.119995,2395447,1.000000
2026-04-08,420.329987,420.329987,420.329987,420.329987,858501,1.000000
2026-04-09,439.799988,439.799988,402.000000,429.970001,7125029,1.000000
2026-04-10,431.109985,447.799988,431.109985,435.760010,3957795,1.000000
2026-04-13,415.000000,425.000000,407.000000,410.059998,3601011,1.000000
2026-04-14,425.000000,438.000000,420.000000,434.359985,4056475,1.000000
2026-04-15,455.000000,458.440002,433.989990,435.769989,5435632,1.000000
2026-04-16,439.989990,444.000000,430.149994,435.500000,2920671,1.000000
2026-04-17,438.010010,451.950012,437.010010,449.369995,3389829,1.000000
2026-04-20,445.000000,445.000000,430.100006,440.859985,3733292,1.000000
2026-04-21,448.000000,448.000000,438.500000,441.019989,1632822,1.000000
2026-04-22,441.000000,442.970001,429.049988,431.119995,1376109,1.000000
2026-04-23,430.000000,433.989990,420.549988,425.799988,1051797,1.000000
2026-04-24,422.269989,435.000000,415.000000,430.250000,1386253,1.000000
2026-04-27,430.000000,434.000000,420.000000,422.880005,990168,1.000000
2026-04-30,413.940002,413.940002,400.510010,407.989990,2247520,1.000000
2026-05-04,411.000000,425.000000,406.809998,411.179993,1757797,1.000000
2026-05-05,405.000000,411.899994,405.000000,409.100006,964827,1.000000
2026-05-06,420.100006,444.000000,418.109985,439.609985,5101180,1.000000
2026-05-07,445.250000,457.000000,436.000000,449.600006,3840933,1.000000
2026-05-08,442.000000,448.970001,438.000000,445.730011,1727932,1.000000
2026-05-11,440.260010,441.399994,435.000000,436.130005,1302881,1.000000
2026-05-12,436.130005,440.000000,427.000000,428.299988,708151,1.000000
2026-05-13,428.019989,431.399994,421.000000,422.359985,767836,1.000000
2026-05-14,422.359985,429.899994,421.000000,422.799988,531442,1.000000
2026-05-15,429.000000,429.000000,416.000000,417.750000,1174717,1.000000
2026-05-18,413.149994,414.989990,405.000000,406.510010,949984,1.000000
2026-05-19,408.109985,415.489990,406.109985,407.890015,628912,1.000000
2026-05-20,410.010010,412.250000,405.010010,410.880005,3983677,1.000000
2026-05-21,418.000000,434.000000,418.000000,426.820007,4012991,1.000000
2026-05-22,430.480011,431.500000,420.160004,422.130005,1107759,1.000000
2026-05-25,435.000000,438.500000,430.000000,436.769989,1913466,1.000000
2026-05-29,440.000000,454.500000,437.799988,453.429993,4073832,1.000000
2026-06-01,451.899994,452.149994,434.000000,437.140015,2214263,1.000000
2026-06-02,437.140015,441.500000,432.000000,435.670013,1596078,1.000000
2026-06-04,434.950012,436.359985,430.000000,434.399994,937132,1.000000
2026-06-05,435.600006,437.670013,430.200012,431.500000,850824,1.000000
2026-06-08,426.000000,429.899994,423.500000,426.489990,1162090,1.000000
2026-06-09,432.989990,438.000000,431.000000,432.149994,3790348,1.000000
2026-06-10,431.000000,435.000000,427.000000,429.350006,1587252,1.000000
2026-06-11,427.000000,434.899994,422.000000,433.089996,3275763,1.000000
2026-06-12,438.880005,454.010010,436.519989,449.109985,5436081,1.000000
2026-06-15,470.000000,472.399994,460.899994,469.359985,6516394,1.000000
2026-06-16,472.500000,475.899994,463.630005,469.820007,4277608,1.000000
2026-06-17,470.000000,475.000000,464.160004,470.609985,3055536,1.000000
2026-06-18,472.000000,477.000000,469.989990,471.570007,2098556,1.000000
2026-06-19,471.000000,472.989990,459.000000,462.980011,2737636,1.000000
2026-06-22,465.109985,467.899994,457.500000,459.059998,1538353,1.000000
2026-06-23,460.010010,462.899994,455.000000,457.470001,1694484,1.000000
2026-06-24,458.019989,469.000000,458.019989,467.750000,1991650,1.000000
2026-06-29,467.750000,467.750000,460.500000,461.839996,902422,1.000000
2026-06-30,462.100006,471.500000,462.100006,469.519989,1320094,1.000000
2026-07-01,470.000000,474.920013,469.290009,472.380005,2038908,1.000000
2026-07-02,474.899994,484.899994,474.899994,480.029999,3253073,1.000000
2026-07-03,481.049988,484.899994,476.000000,480.119995,1155247,1.000000
2026-07-06,482.890015,490.799988,482.000000,488.660004,2184221,1.000000
2026-07-07,489.000000,490.500000,480.010010,481.390015,1452331,1.000000
2026-07-08,477.000000,479.940002,456.000000,464.989990,5648437,1.000000
2026-07-09,462.000000,470.000000,461.010010,466.589996,2018665,1.000000
2026-07-10,470.000000,474.899994,466.989990,468.579987,1064007,1.000000
2026-07-13,463.000000,465.000000,457.000000,459.459991,1271920,1.000000
2026-07-14,455.000000,456.899994,437.000000,438.679993,2616052,1.000000
2026-07-15,439.500000,448.750000,439.000000,442.450012,1226889,1.000000
2026-07-16,444.500000,453.480011,444.500000,451.200012,1390663,1.000000
2026-07-17,453.000000,456.489990,444.140015,445.630005,1489663,1.000000
2026-07-20,441.000000,448.399994,436.720001,446.420013,1685018,1.000000
2026-07-21,449.000000,462.390015,449.000000,450.000000,1550022,1.000000
2026-07-22,449.000000,455.000000,439.500000,445.149994,955502,1.000000
2026-07-23,444.700012,447.399994,432.000000,434.290009,1046583,1.000000
2026-07-24,431.000000,443.000000,427.959991,433.010010,2056126,1.000000
2026-07-27,450.000000,460.000000,445.250000,456.600006,4395892,1.000000
2026-07-28,461.000000,462.000000,452.010010,455.040009,4407482,1.000000
2026-07-29,450.160004,453.000000,443.000000,445.760010,1291410,1.000000
2026-07-30,445.700012,445.700012,435.399994,437.910004,1458139,1.000000
2026-07-31,441.109985,445.250000,440.000000,440.910004,769454,1.000000
2026-08-03,450.000000,454.989990,446.010010,449.079987,1884947,1.000000
2026-08-04,450.000000,451.989990,442.500000,443.399994,1031670,1.000000
2026-08-05,454.390015,456.779999,450.119995,451.970001,2675868,1.000000
2026-08-06,453.910004,460.500000,453.910004,458.630005,1931851,1.000000
2026-08-07,457.500000,462.000000,453.000000,458.750000,1949072,1.000000
2026-08-10,462.799988,462.799988,452.989990,454.359985,2057991,1.000000
2026-08-11,454.299988,454.299988,443.989990,445.109985,1441981,1.000000
2026-08-12,445.700012,450.119995,443.000000,446.470001,1099611,1.000000
2026-08-13,447.880005,450.000000,445.000000,446.609985,696125,1.000000
2026-08-17,448.010010,449.399994,442.000000,443.369995,753981,1.000000
2026-08-19,439.299988,443.209991,435.000000,437.200012,981329,1.000000
2026-08-20,443.399994,444.000000,438.000000,439.299988,1250095,1.000000
2026-08-21,437.200012,441.500000,434.000000,440.410004,581614,1.000000
2026-08-24,441.160004,445.000000,437.000000,440.029999,1046999,1.000000
2026-08-25,442.000000,444.000000,436.299988,442.690002,1473601,1.000000
2026-08-27,444.250000,447.899994,439.000000,440.899994,1675292,1.000000
2026-08-28,440.899994,444.000000,438.500000,442.049988,984191,1.000000
2026-08-31,442.000000,443.500000,435.950012,437.329987,1079351,1.000000
2026-09-01,439.000000,439.000000,431.500000,433.390015,803170,1.000000
2026-09-02,431.299988,431.299988,427.470001,428.070007,1486364,1.000000
2026-09-03,429.559998,434.480011,428.200012,431.320007,862809,1.000000
2026-09-04,432.000000,437.000000,429.260010,433.119995,374133,1.000000
2026-09-07,434.000000,434.000000,427.500000,428.470001,443733,1.000000
2026-09-08,429.000000,429.899994,417.899994,419.690002,1367015,1.000000
2026-09-09,420.000000,421.899994,414.000000,415.359985,682943,1.000000
2026-09-10,415.359985,416.000000,404.989990,408.029999,1821165,1.000000
2026-09-11,407.000000,420.000000,398.510010,416.679993,1935380,1.000000
2026-09-14,414.649994,414.649994,404.000000,406.179993,975763,1.000000
2026-09-15,416.500000,416.500000,408.519989,413.869995,781195,1.000000
2026-09-16,413.470001,416.000000,408.000000,408.920013,570464,1.000000
2026-09-17,408.920013,409.970001,400.750000,406.950012,777729,1.000000
2026-09-18,406.700012,417.480011,406.700012,416.000000,924336,1.000000
2026-09-21,416.549988,424.000000,415.980011,421.720001,1007436,1.000000
2026-09-22,423.940002,425.000000,419.500000,423.790009,977071,1.000000
2026-09-23,425.500000,428.920013,424.000000,424.339996,707585,1.000000
2026-09-24,424.350006,425.000000,414.410004,415.440002,652148,1.000000
2026-09-25,415.000000,420.899994,410.000000,416.619995,765739,1.000000
2026-09-28,418.299988,419.000000,410.000000,412.570007,634772,1.000000
2026-09-29,412.980011,414.299988,411.000000,411.739990,422054,1.000000
2026-09-30,413.480011,427.899994,413.480011,415.190002,861824,1.000000
2026-10-01,417.899994,418.950012,410.000000,413.040009,399171,1.000000
2026-10-02,414.000000,416.970001,409.100006,410.559998,837001,1.000000
2026-10-05,409.730011,412.890015,407.000000,407.540009,647015,1.000000
2026-10-06,407.010010,412.000000,405.250000,410.339996,1541162,1.000000
2026-10-07,411.899994,412.500000,407.019989,408.239990,633638,1.000000
