ticker,name,sector,snapshot_date,source_url,yahoo_first_date,included,exclusion_reason
ABL,Allied Bank Limited,Commercial Banks,2026-10-10,https://dps.psx.com.pk/indices/KSE100,2008-01-01,true,
ABOT,Abbott Laboratories (Pakistan) Limited,Pharmaceuticals,2026-10-10,https://dps.psx.com.pk/indices/KSE100,2008-01-01,true,
AGP,AGP Limited,Pharmaceuticals,2026-10-10,https://dps.psx.com.pk/indices/KSE100,2018-05-14,true,
AHCL,Arif Habib Corporation Limited,Fertilizer,2026-10-10,https://dps.psx.com.pk/indices/KSE100,2008-01-01,true,
AICL,Adamjee Insurance Company Limited,Insurance,2026-10-10,https://dps.psx.com.pk/indices/KSE100,2008-01-01,true,
AIRLINK,Air Link Communication Limited,Technology & Communication,2026-10-10,https://dps.psx.com.pk/indices/KSE100,2021-09-22,true,
AKBL,Askari Bank Limited,Commercial Banks,2026-10-10,https://dps.psx.com.pk/indices/KSE100,2008-01-01,true,
APL,Attock Petroleum Limited,Oil & Gas Marketing Companies,2026-10-10,https://dps.psx.com.pk/indices/KSE100,2008-01-01,true,
ATLH,Atlas Honda Limited,Automobile Assembler,2026-10-10,https://dps.psx.com.pk/indices/KSE100,2008-01-01,true,
ATRL,Attock Refinery Limited,Refinery,2026-10-10,https://dps.psx.com.pk/indices/KSE100,2008-01-01,true,
BAFL,Bank Alfalah Limited,Commercial Banks,2026-10-10,https://dps.psx.com.pk/indices/KSE100,2008-01-01,true,
BAHL,Bank AL Habib Limited,Commercial Banks,2026-10-10,https://dps.psx.com.pk/indices/KSE100,2008-01-01,true,
BML,Bank Makramah Limited,Commercial Banks,2026-10-10,https://dps.psx.com.pk/indices/KSE100,,false,no Yahoo history
BNWM,Bannu Woollen Mills Limited,Woollen,2026-10-10,https://dps.psx.com.pk/indices/KSE100,2008-01-01,true,
BOP,The Bank of Punjab,Commercial Banks,2026-10-10,https://dps.psx.com.pk/indices/KSE100,2008-01-01,true,
BWCL,Bestway Cement Limited,Cement,2026-10-10,https://dps.psx.com.pk/indices/KSE100,2008-01-03,true,
CHCC,Cherat Cement Company Limited,Cement,2026-10-10,https://dps.psx.com.pk/indices/KSE100,2008-01-01,true,
CNERGY,Cnergyico PK  Limited,Refinery,2026-10-10,https://dps.psx.com.pk/indices/KSE100,2008-01-01,true,
COLG,Colgate-Palmolive (Pakistan) Limited,Food & Personal Care Products,2026-10-10,https://dps.psx.com.pk/indices/KSE100,2008-01-01,true,
CPHL,Citi Pharma Ltd.,Pharmaceuticals,2026-10-10,https://dps.psx.com.pk/indices/KSE100,2021-07-12,true,
DCR,Dolmen City REIT,Real Estate Investment Trust,2026-10-10,https://dps.psx.com.pk/indices/KSE100,2015-07-23,true,
DGKC,D.G. Khan Cement Company Limited,Cement,2026-10-10,https://dps.psx.com.pk/indices/KSE100,2008-01-01,true,
EFERT,Engro Fertilizers Limited,Fertilizer,2026-10-10,https://dps.psx.com.pk/indices/KSE100,2014-01-20,true,
ENGROH,Engro Holdings Limited,Inv. Banks / Inv. Cos. / Securities Cos.,2026-10-10,https://dps.psx.com.pk/indices/KSE100,,false,no Yahoo history
FABL,Faysal Bank Limited,Commercial Banks,2026-10-10,https://dps.psx.com.pk/indices/KSE100,2008-01-01,true,
FATIMA,Fatima Fertilizer Company Limited,Fertilizer,2026-10-10,https://dps.psx.com.pk/indices/KSE100,2010-03-09,true,
FCCL,Fauji Cement Company Limited,Cement,2026-10-10,https://dps.psx.com.pk/indices/KSE100,2008-01-01,true,
FFC,Fauji Fertilizer Company Limited,Fertilizer,2026-10-10,https://dps.psx.com.pk/indices/KSE100,2008-01-01,true,
FFL,Fauji Foods Limited,Food & Personal Care Products,2026-10-10,https://dps.psx.com.pk/indices/KSE100,2008-01-01,true,
FHAM,First Habib Modaraba,Modarabas,2026-10-10,https://dps.psx.com.pk/indices/KSE100,2008-01-01,true,
GADT,Gadoon Textile Mills Limited,Textile Spinning,2026-10-10,https://dps.psx.com.pk/indices/KSE100,2008-01-01,true,
GAL,Ghandhara Automobiles Limited,Automobile Assembler,2026-10-10,https://dps.psx.com.pk/indices/KSE100,,false,no Yahoo history
GHGL,Ghani Glass Limited,Glass & Ceramics,2026-10-10,https://dps.psx.com.pk/indices/KSE100,2008-01-01,true,
GHNI,Ghandhara Industries Limited,Automobile Assembler,2026-10-10,https://dps.psx.com.pk/indices/KSE100,2008-01-01,true,
GLAXO,GlaxoSmithKline Pakistan Limited,Pharmaceuticals,2026-10-10,https://dps.psx.com.pk/indices/KSE100,2008-01-01,true,
HALEON,Haleon Pakistan Limited,Pharmaceuticals,2026-10-10,https://dps.psx.com.pk/indices/KSE100,2017-04-06,true,
HBL,Habib Bank Limited,Commercial Banks,2026-10-10,https://dps.psx.com.pk/indices/KSE100,2008-01-01,true,
HCAR,Honda Atlas Cars (Pakistan) Limited,Automobile Assembler,2026-10-10,https://dps.psx.com.pk/indices/KSE100,2008-01-01,true,
HGFA,HBL Growth Fund,Close - End Mutual Fund,2026-10-10,https://dps.psx.com.pk/indices/KSE100,2024-06-24,false,Yahoo history starts 2024-06-24 (< 3 years)
HINOON,Highnoon Laboratories Limited,Pharmaceuticals,2026-10-10,https://dps.psx.com.pk/indices/KSE100,2008-01-01,true,
HMB,Habib Metropolitan Bank Limited,Commercial Banks,2026-10-10,https://dps.psx.com.pk/indices/KSE100,2008-01-01,true,
HUBC,The Hub Power Company Limited,Power Generation & Distribution,2026-10-10,https://dps.psx.com.pk/indices/KSE100,2008-01-01,true,
IBFL,Ibrahim Fibres Limited,Synthetic & Rayon,2026-10-10,https://dps.psx.com.pk/indices/KSE100,2008-01-01,true,
ILP,Interloop Limited,Textile Composite,2026-10-10,https://dps.psx.com.pk/indices/KSE100,2019-04-05,true,
IMAGE,Image Pakistan Limited,Apparel,2026-10-10,https://dps.psx.com.pk/indices/KSE100,2008-01-03,true,
INDU,Indus Motor Company Limited,Automobile Assembler,2026-10-10,https://dps.psx.com.pk/indices/KSE100,2008-01-01,true,
INIL,International Industries Limited,Engineering,2026-10-10,https://dps.psx.com.pk/indices/KSE100,2008-01-01,true,
ISL,International Steels Limited,Engineering,2026-10-10,https://dps.psx.com.pk/indices/KSE100,2011-06-01,true,
JDWS,JDW Sugar Mills Limited,Sugar & Allied Industries,2026-10-10,https://dps.psx.com.pk/indices/KSE100,2008-01-01,true,
JVDC,Javedan Corporation Limited,Property,2026-10-10,https://dps.psx.com.pk/indices/KSE100,2008-01-01,true,
KAPCO,Kot Addu Power Company Limited,Power Generation & Distribution,2026-10-10,https://dps.psx.com.pk/indices/KSE100,2008-01-01,true,
KEL,K-Electric Limited,Power Generation & Distribution,2026-10-10,https://dps.psx.com.pk/indices/KSE100,2008-01-01,true,
KOHC,Kohat Cement Company Limited,Cement,2026-10-10,https://dps.psx.com.pk/indices/KSE100,2008-01-01,true,
KTML,Kohinoor Textile Mills Limited,Textile Composite,2026-10-10,https://dps.psx.com.pk/indices/KSE100,2008-01-01,true,
LCI,Lucky Core Industries Limited,Chemical,2026-10-10,https://dps.psx.com.pk/indices/KSE100,2008-01-01,true,
LOTCHEM,Lotte Chemical Pakistan Limited,Chemical,2026-10-10,https://dps.psx.com.pk/indices/KSE100,2008-01-01,true,
LUCK,Lucky Cement Limited,Cement,2026-10-10,https://dps.psx.com.pk/indices/KSE100,2008-01-01,true,
MARI,Mari Energies Limited,Oil & Gas Exploration Companies,2026-10-10,https://dps.psx.com.pk/indices/KSE100,2008-01-01,true,
MCB,MCB Bank Limited,Commercial Banks,2026-10-10,https://dps.psx.com.pk/indices/KSE100,2008-01-01,true,
MEBL,Meezan Bank Limited,Commercial Banks,2026-10-10,https://dps.psx.com.pk/indices/KSE100,2008-01-01,true,
MLCF,Maple Leaf Cement Factory Limited,Cement,2026-10-10,https://dps.psx.com.pk/indices/KSE100,2008-01-01,true,
MTL,Millat Tractors Limited,Automobile Assembler,2026-10-10,https://dps.psx.com.pk/indices/KSE100,2008-01-01,true,
MUREB,Murree Brewery Company Limited,Food & Personal Care Products,2026-10-10,https://dps.psx.com.pk/indices/KSE100,2008-01-01,true,
NATF,National Foods Limited,Food & Personal Care Products,2026-10-10,https://dps.psx.com.pk/indices/KSE100,2008-01-01,true,
NBP,National Bank of Pakistan,Commercial Banks,2026-10-10,https://dps.psx.com.pk/indices/KSE100,2008-01-01,true,
NCPL,Nishat Chunian Power Limited,Power Generation & Distribution,2026-10-10,https://dps.psx.com.pk/indices/KSE100,2010-02-22,true,
NESTLE,Nestle Pakistan Limited,Food & Personal Care Products,2026-10-10,https://dps.psx.com.pk/indices/KSE100,2008-01-01,true,
NML,Nishat Mills Limited,Textile Composite,2026-10-10,https://dps.psx.com.pk/indices/KSE100,2008-01-01,true,
NPL,Nishat Power Limited,Power Generation & Distribution,2026-10-10,https://dps.psx.com.pk/indices/KSE100,2010-02-22,true,
OGDC,Oil & Gas Development Company Limited,Oil & Gas Exploration Companies,2026-10-10,https://dps.psx.com.pk/indices/KSE100,2008-01-01,true,
PAEL,Pak Elektron Limited,Cable & Electrical Goods,2026-10-10,https://dps.psx.com.pk/indices/KSE100,2008-01-01,true,
PAKT,Pakistan Tobacco Company Limited,Tobacco,2026-10-10,https://dps.psx.com.pk/indices/KSE100,2008-01-01,true,
PGLC,Pak-Gulf Leasing Company Limited,Leasing Companies,2026-10-10,https://dps.psx.com.pk/indices/KSE100,2007-09-26,true,
PIBTL,Pakistan International Bulk Terminal,Transport,2026-10-10,https://dps.psx.com.pk/indices/KSE100,2013-12-24,true,
PIOC,Pioneer Cement Limited,Cement,2026-10-10,https://dps.psx.com.pk/indices/KSE100,2008-01-01,true,
PKGS,Packages Limited,"Paper, Board & Packaging",2026-10-10,https://dps.psx.com.pk/indices/KSE100,2008-01-01,true,
POL,Pakistan Oilfields Limited,Oil & Gas Exploration Companies,2026-10-10,https://dps.psx.com.pk/indices/KSE100,2008-01-01,true,
POWER,Power Cement Limited,Cement,2026-10-10,https://dps.psx.com.pk/indices/KSE100,2008-01-01,true,
PPL,Pakistan Petroleum Limited,Oil & Gas Exploration Companies,2026-10-10,https://dps.psx.com.pk/indices/KSE100,2008-01-01,true,
PSEL,Pakistan Services Limited,Miscellaneous,2026-10-10,https://dps.psx.com.pk/indices/KSE100,2008-01-01,true,
PSO,Pakistan State Oil Company Limited,Oil & Gas Marketing Companies,2026-10-10,https://dps.psx.com.pk/indices/KSE100,2008-01-01,true,
PSX,Pakistan Stock Exchange Limited,Inv. Banks / Inv. Cos. / Securities Cos.,2026-10-10,https://dps.psx.com.pk/indices/KSE100,2017-06-29,true,
PTC,Pakistan Telecommunication Company Ltd,Technology & Communication,2026-10-10,https://dps.psx.com.pk/indices/KSE100,2008-01-01,true,
SAZEW,Sazgar Engineering Works Limited,Automobile Assembler,2026-10-10,https://dps.psx.com.pk/indices/KSE100,2008-01-01,true,
SCBPL,Standard Chartered Bank (Pak) Ltd,Commercial Banks,2026-10-10,https://dps.psx.com.pk/indices/KSE100,2008-01-01,true,
SEARL,The Searle Company Limited,Pharmaceuticals,2026-10-10,https://dps.psx.com.pk/indices/KSE100,2008-01-01,true,
SHFA,Shifa International Hospitals Limited,Miscellaneous,2026-10-10,https://dps.psx.com.pk/indices/KSE100,2008-01-02,true,
SNGP,Sui Northern Gas Pipelines Limited,Oil & Gas Marketing Companies,2026-10-10,https://dps.psx.com.pk/indices/KSE100,2008-01-01,true,
SRVI,Service Industries Limited,Leather & Tanneries,2026-10-10,https://dps.psx.com.pk/indices/KSE100,2008-01-01,true,
SSGC,Sui Southern Gas Company Limited,Oil & Gas Marketing Companies,2026-10-10,https://dps.psx.com.pk/indices/KSE100,2008-01-01,true,
SSOM,S.S.Oil Mills Limited,Vanaspati & Allied Industries,2026-10-10,https://dps.psx.com.pk/indices/KSE100,2008-01-01,true,
SYS,Systems Limited,Technology & Communication,2026-10-10,https://dps.psx.com.pk/indices/KSE100,2015-02-16,true,
TGL,Tariq Glass Industries Limited,Glass & Ceramics,2026-10-10,https://dps.psx.com.pk/indices/KSE100,2008-01-01,true,
THALL,Thal Limited,Automobile Parts & Accessories,2026-10-10,https://dps.psx.com.pk/indices/KSE100,2008-01-01,true,
THCCL,Thatta Cement Company Limited,Cement,2026-10-10,https://dps.psx.com.pk/indices/KSE100,2008-04-08,true,
TPLRF1,TPL REIT Fund I,Real Estate Investment Trust,2026-10-10,https://dps.psx.com.pk/indices/KSE100,,false,no Yahoo history
TRG,TRG Pakistan Limited,Technology & Communication,2026-10-10,https://dps.psx.com.pk/indices/KSE100,2008-01-01,true,
UBL,United Bank Limited,Commercial Banks,2026-10-10,https://dps.psx.com.pk/indices/KSE100,2008-01-01,true,
UPFL,Unilever Pakistan Foods Limited,Food & Personal Care Products,2026-10-10,https://dps.psx.com.pk/indices/KSE100,2007-11-29,true,
YOUW,Yousaf Weaving Mills Limited,Textile Weaving,2026-10-10,https://dps.psx.com.pk/indices/KSE100,2008-01-03,true,
