ticker,alias
ATRL,atrl
ATRL,attock refinery
DGKC,dgkc
DGKC,dg khan cement
DGKC,d g khan cement
EFERT,efert
EFERT,engro fertilizer
EFERT,engro fertilizers
EFERT,engro fertiliser
EFERT,engro fertilisers
FFC,ffc
FFC,fauji fertilizer company
FFC,fauji fertiliser company
HBL,hbl
HBL,habib bank
HUBC,hubc
HUBC,hubco
HUBC,hub power
LUCK,lucky cement
MARI,mari
MARI,mari petroleum
MARI,mari energies
MEBL,mebl
MEBL,meezan bank
MLCF,mlcf
MLCF,maple leaf
NBP,nbp
NBP,national bank of pakistan
OGDC,ogdc
OGDC,ogdcl
OGDC,oil and gas development
OGDC,oil gas development
PAEL,pael
PAEL,pak elektron
PPL,ppl
PPL,pakistan petroleum
PSO,pso
PSO,pakistan state oil
SAZEW,sazew
SAZEW,sazgar
SYS,systems limited
SYS,systems ltd
UBL,ubl
UBL,united bank
